/*
SQLyog Ultimate v10.00 Beta1
MySQL - 5.5.5-10.4.32-MariaDB : Database - velare_ecommerce
*********************************************************************
*/

/*!40101 SET NAMES utf8 */;

/*!40101 SET SQL_MODE=''*/;

/*!40014 SET @OLD_UNIQUE_CHECKS=@@UNIQUE_CHECKS, UNIQUE_CHECKS=0 */;
/*!40014 SET @OLD_FOREIGN_KEY_CHECKS=@@FOREIGN_KEY_CHECKS, FOREIGN_KEY_CHECKS=0 */;
/*!40101 SET @OLD_SQL_MODE=@@SQL_MODE, SQL_MODE='NO_AUTO_VALUE_ON_ZERO' */;
/*!40111 SET @OLD_SQL_NOTES=@@SQL_NOTES, SQL_NOTES=0 */;
CREATE DATABASE /*!32312 IF NOT EXISTS*/`velare_ecommerce` /*!40100 DEFAULT CHARACTER SET utf8mb4 COLLATE utf8mb4_general_ci */;

USE `velare_ecommerce`;

/*Table structure for table `addresses` */

DROP TABLE IF EXISTS `addresses`;

CREATE TABLE `addresses` (
  `address_id` int(11) NOT NULL AUTO_INCREMENT,
  `user_type` enum('buyer','seller','rider') NOT NULL,
  `user_ref_id` int(11) NOT NULL,
  `recipient_name` varchar(200) DEFAULT NULL,
  `phone_number` varchar(20) DEFAULT NULL,
  `full_address` text NOT NULL,
  `region` varchar(100) DEFAULT NULL,
  `province` varchar(100) DEFAULT NULL,
  `city` varchar(100) DEFAULT NULL,
  `barangay` varchar(100) DEFAULT NULL,
  `street_name` varchar(200) DEFAULT NULL,
  `house_number` varchar(50) DEFAULT NULL,
  `postal_code` varchar(20) DEFAULT NULL,
  `is_default` tinyint(1) DEFAULT 0,
  `created_at` timestamp NOT NULL DEFAULT current_timestamp(),
  PRIMARY KEY (`address_id`),
  KEY `idx_user_type` (`user_type`),
  KEY `idx_user_ref_id` (`user_ref_id`),
  KEY `idx_is_default` (`is_default`)
) ENGINE=InnoDB AUTO_INCREMENT=37 DEFAULT CHARSET=utf8mb4 COLLATE=utf8mb4_general_ci;

/*Data for the table `addresses` */

insert  into `addresses`(`address_id`,`user_type`,`user_ref_id`,`recipient_name`,`phone_number`,`full_address`,`region`,`province`,`city`,`barangay`,`street_name`,`house_number`,`postal_code`,`is_default`,`created_at`) values (14,'seller',7,'Justine Mark Gahi','09124312313','12, asdasdasdad, New Cebu, Lambayong, Sultan Kudarat, SOCCSKSARGEN, 4235','SOCCSKSARGEN','Sultan Kudarat','Lambayong','New Cebu','asdasdasdad','12','4235',1,'2025-10-29 18:04:39'),(15,'buyer',8,'jeje mon','09234253465','12, fsdasdasd, Bangkas Heights, City of Davao, Davao Del Sur, Davao Region','Davao Region','Davao Del Sur','City of Davao','Bangkas Heights','fsdasdasd','12','8016',1,'2025-10-29 20:21:33'),(16,'rider',4,'re re','09413142325','23, asdasdasda, Bayanan, City of Muntinlupa, NCR','NCR','','City of Muntinlupa','Bayanan','asdasdasda','23','1772',1,'2025-10-29 20:30:52'),(17,'buyer',9,'hey low','09234234234','fsdfsdfsf, fsdfsdfsd, Pamplona Dos, City of Las Piñas, NCR','NCR','','City of Las Piñas','Pamplona Dos','fsdfsdfsd','fsdfsdfsf','1750',1,'2025-11-17 09:34:23'),(18,'rider',5,'Mark Justine Gahi','09525534534','fsfdsdfsdfd, fsdfsdsdfsfsd, San Miguel, Cateel, Davao Oriental, Davao Region','Davao Region','Davao Oriental','Cateel','San Miguel','fsdfsdsdfsfsd','fsfdsdfsdfd','8205',1,'2025-11-17 17:32:07'),(19,'seller',8,'mark gahi','09456456456','fsdfsdfsdfsdf, fdsdfsdfsd, Maybula, Tulunan, Cotabato, SOCCSKSARGEN, 9403','SOCCSKSARGEN','Cotabato','Tulunan','Maybula','fdsdfsdfsd','fsdfsdfsdfsdf','9403',1,'2025-11-17 17:46:45'),(20,'buyer',10,'Jake Jaqueca','09534534534','45345345345, 5345353, Lourmah, Mahayag, Zamboanga Del Sur, Zamboanga Peninsula','Zamboanga Peninsula','Zamboanga Del Sur','Mahayag','Lourmah','5345353','45345345345','7026',1,'2025-11-19 13:22:54'),(21,'rider',6,'Symon Beato','09423423434','dfsdfsdf, fsdfsdfs, Lower Salug Daku, Mahayag, Zamboanga Del Sur, Zamboanga Peninsula','Zamboanga Peninsula','Zamboanga Del Sur','Mahayag','Lower Salug Daku','fsdfsdfs','dfsdfsdf','7026',1,'2025-11-19 13:29:06'),(24,'buyer',8,'dfhstrfh','09968957687','69, yakala, CALABARZON, Laguna, Santa Cruz, Labuin','CALABARZON','Laguna','Santa Cruz','Labuin','yakala','69','4009',0,'2025-11-23 08:28:47'),(26,'buyer',10,'Full name','09342342342','15, Jacinto, CALABARZON, Laguna, Cavinti, Poblacion','CALABARZON','Laguna','Cavinti','Poblacion','Jacinto','15','4013',0,'2025-11-23 09:49:58'),(27,'seller',100,'Luis Mario Acovera','09627391351','None, None, None, Santa Cruz, Laguna, None, 4009','None','Laguna','Santa Cruz','None','None','None','4009',1,'2025-12-01 13:11:25'),(28,'seller',101,'Jeffrey Almojela','09976206696','San Antonio Village P2, Linga, Pila, Laguna',NULL,'Laguna','Pila',NULL,NULL,NULL,'4010',1,'2025-12-01 13:11:25'),(29,'seller',102,'Jamihyari Andaya','09204987313','Block 5 Lot 8, San Francisco Subdivision, Santo Angel Norte, Santa Cruz, Laguna, CALABARZON, 4009','CALABARZON','Laguna','Santa Cruz','Santo Angel Norte','San Francisco Subdivision','Block 5 Lot 8','4009',1,'2025-12-01 13:11:25'),(30,'seller',103,'Rencelyn Araza','09653928822','165, Mabini, Poblacion, Magdalena, Laguna, CALABARZON, 4006','CALABARZON','Laguna','Magdalena','Poblacion','Mabini','165','4006',1,'2025-12-01 13:11:25'),(31,'seller',104,'Charmaine Asedillo','09505959826','26, San Pablo Street, San Antonio, Kalayaan, Laguna, CALABARZON, 4015','CALABARZON','Laguna','Kalayaan','San Antonio','San Pablo Street','26','4015',1,'2025-12-01 13:11:25'),(32,'buyer',100,'Lance Lordvin Concio','09708258771','Santo Angel Central, Santa Cruz, Laguna',NULL,'Laguna','Santa Cruz',NULL,NULL,NULL,'4009',1,'2025-12-01 13:11:25'),(33,'buyer',101,'Arvin Estoque','09756826833','San Jose, Sta Cruz, Laguna',NULL,'Laguna','Santa Cruz',NULL,NULL,NULL,'4009',1,'2025-12-01 13:11:25'),(34,'buyer',102,'Carl Jeremie Eusebio','09213359316','Jacinto St. Brgy. Poblacion, Magdalena, Laguna',NULL,'Laguna','Magdalena',NULL,NULL,NULL,'4007',1,'2025-12-01 13:11:25'),(35,'buyer',103,'Chauncey Luis Galero','09213021187','4-0242, Umali st. Brgy Quinale, Paete, Laguna',NULL,'Laguna','Paete',NULL,NULL,NULL,'4016',1,'2025-12-01 13:11:25'),(36,'buyer',104,'Jasmine Geronimo','09077380229','San Antonio, Pila, Laguna',NULL,'Laguna','Pila',NULL,NULL,NULL,'4010',1,'2025-12-01 13:11:25');

/*Table structure for table `admins` */

DROP TABLE IF EXISTS `admins`;

CREATE TABLE `admins` (
  `admin_id` int(11) NOT NULL AUTO_INCREMENT,
  `user_id` int(11) NOT NULL,
  `first_name` varchar(100) NOT NULL,
  `last_name` varchar(100) NOT NULL,
  `created_at` timestamp NOT NULL DEFAULT current_timestamp(),
  PRIMARY KEY (`admin_id`),
  UNIQUE KEY `user_id` (`user_id`),
  CONSTRAINT `admins_ibfk_1` FOREIGN KEY (`user_id`) REFERENCES `users` (`user_id`) ON DELETE CASCADE
) ENGINE=InnoDB AUTO_INCREMENT=3 DEFAULT CHARSET=utf8mb4 COLLATE=utf8mb4_general_ci;

/*Data for the table `admins` */

insert  into `admins`(`admin_id`,`user_id`,`first_name`,`last_name`,`created_at`) values (1,1,'Admin','Velare','2025-10-21 18:31:47');

/*Table structure for table `buyer_vouchers` */

DROP TABLE IF EXISTS `buyer_vouchers`;

CREATE TABLE `buyer_vouchers` (
  `buyer_voucher_id` int(11) NOT NULL AUTO_INCREMENT,
  `buyer_id` int(11) NOT NULL,
  `voucher_id` int(11) NOT NULL,
  `is_used` tinyint(1) DEFAULT 0,
  `times_remaining` int(11) DEFAULT 1,
  `used_at` timestamp NULL DEFAULT NULL,
  `claimed_at` timestamp NOT NULL DEFAULT current_timestamp(),
  PRIMARY KEY (`buyer_voucher_id`),
  KEY `voucher_id` (`voucher_id`),
  KEY `idx_buyer_id` (`buyer_id`),
  CONSTRAINT `buyer_vouchers_ibfk_1` FOREIGN KEY (`buyer_id`) REFERENCES `buyers` (`buyer_id`) ON DELETE CASCADE,
  CONSTRAINT `buyer_vouchers_ibfk_2` FOREIGN KEY (`voucher_id`) REFERENCES `vouchers` (`voucher_id`) ON DELETE CASCADE
) ENGINE=InnoDB AUTO_INCREMENT=13 DEFAULT CHARSET=utf8mb4 COLLATE=utf8mb4_general_ci;

/*Data for the table `buyer_vouchers` */

insert  into `buyer_vouchers`(`buyer_voucher_id`,`buyer_id`,`voucher_id`,`is_used`,`times_remaining`,`used_at`,`claimed_at`) values (6,8,10,1,2,'2025-11-23 04:55:40','2025-11-23 04:30:52'),(8,8,4,1,2,'2025-11-23 09:17:34','2025-11-23 04:30:52');

/*Table structure for table `buyers` */

DROP TABLE IF EXISTS `buyers`;

CREATE TABLE `buyers` (
  `buyer_id` int(11) NOT NULL AUTO_INCREMENT,
  `user_id` int(11) NOT NULL,
  `first_name` varchar(100) NOT NULL,
  `last_name` varchar(100) NOT NULL,
  `gender` enum('Male','Female','Other') DEFAULT NULL,
  `phone_number` varchar(20) DEFAULT NULL,
  `id_type` varchar(50) DEFAULT NULL,
  `id_file_path` varchar(255) DEFAULT NULL,
  `profile_image` varchar(255) DEFAULT NULL,
  `created_at` timestamp NOT NULL DEFAULT current_timestamp(),
  `account_status` varchar(20) DEFAULT 'active',
  `suspension_end` datetime DEFAULT NULL,
  `suspension_reason` text DEFAULT NULL,
  `report_count` int(11) DEFAULT 0,
  PRIMARY KEY (`buyer_id`),
  UNIQUE KEY `user_id` (`user_id`),
  KEY `idx_buyers_account_status` (`account_status`),
  CONSTRAINT `buyers_ibfk_1` FOREIGN KEY (`user_id`) REFERENCES `users` (`user_id`) ON DELETE CASCADE
) ENGINE=InnoDB AUTO_INCREMENT=105 DEFAULT CHARSET=utf8mb4 COLLATE=utf8mb4_general_ci;

/*Data for the table `buyers` */

insert  into `buyers`(`buyer_id`,`user_id`,`first_name`,`last_name`,`gender`,`phone_number`,`id_type`,`id_file_path`,`profile_image`,`created_at`,`account_status`,`suspension_end`,`suspension_reason`,`report_count`) values (8,20,'jeje','mon',NULL,NULL,'sss','/static/uploads/buyer_ids/user_8/id_buyer_jejemon_gmail.com_Screenshot_2025-10-24_114625.png','/static/uploads/profiles/buyer_20_Mesa-de-trabajo-1-copia-22x.png','2025-10-29 20:21:33','active',NULL,NULL,0),(100,110,'Lance Lordvin','Concio','Male','09708258771',NULL,NULL,NULL,'2025-12-01 13:11:01','active',NULL,NULL,0),(101,111,'Arvin','Estoque','Male','09756826833',NULL,NULL,NULL,'2025-12-01 13:11:01','active',NULL,NULL,0),(102,112,'Carl Jeremie','Eusebio','Male','09213359316',NULL,NULL,NULL,'2025-12-01 13:11:01','active',NULL,NULL,0),(103,113,'Chauncey Luis','Galero','Male','09213021187',NULL,NULL,NULL,'2025-12-01 13:11:01','active',NULL,NULL,0),(104,114,'Jasmine','Geronimo','Female','09077380229',NULL,NULL,NULL,'2025-12-01 13:11:01','active',NULL,NULL,0);

/*Table structure for table `cart` */

DROP TABLE IF EXISTS `cart`;

CREATE TABLE `cart` (
  `cart_id` int(11) NOT NULL AUTO_INCREMENT,
  `buyer_id` int(11) NOT NULL,
  `product_id` int(11) NOT NULL,
  `variant_id` int(11) DEFAULT NULL,
  `quantity` int(11) NOT NULL DEFAULT 1,
  `added_at` timestamp NOT NULL DEFAULT current_timestamp(),
  PRIMARY KEY (`cart_id`),
  KEY `product_id` (`product_id`),
  KEY `variant_id` (`variant_id`),
  KEY `idx_buyer_id` (`buyer_id`),
  CONSTRAINT `cart_ibfk_1` FOREIGN KEY (`buyer_id`) REFERENCES `buyers` (`buyer_id`) ON DELETE CASCADE,
  CONSTRAINT `cart_ibfk_2` FOREIGN KEY (`product_id`) REFERENCES `products` (`product_id`) ON DELETE CASCADE,
  CONSTRAINT `cart_ibfk_3` FOREIGN KEY (`variant_id`) REFERENCES `product_variants` (`variant_id`) ON DELETE SET NULL
) ENGINE=InnoDB AUTO_INCREMENT=34 DEFAULT CHARSET=utf8mb4 COLLATE=utf8mb4_general_ci;

/*Data for the table `cart` */

insert  into `cart`(`cart_id`,`buyer_id`,`product_id`,`variant_id`,`quantity`,`added_at`) values (31,8,42,114,1,'2025-11-26 13:25:58'),(32,8,41,109,1,'2025-11-26 13:27:03');

/*Table structure for table `conversations` */

DROP TABLE IF EXISTS `conversations`;

CREATE TABLE `conversations` (
  `conversation_id` int(11) NOT NULL AUTO_INCREMENT,
  `buyer_id` int(11) NOT NULL,
  `seller_id` int(11) DEFAULT NULL,
  `rider_id` int(11) DEFAULT NULL,
  `delivery_id` int(11) DEFAULT NULL,
  `last_message` text DEFAULT NULL,
  `buyer_unread_count` int(11) DEFAULT 0,
  `seller_unread_count` int(11) DEFAULT 0,
  `rider_unread_count` int(11) DEFAULT 0,
  `last_message_at` timestamp NOT NULL DEFAULT current_timestamp(),
  `created_at` timestamp NOT NULL DEFAULT current_timestamp(),
  PRIMARY KEY (`conversation_id`),
  UNIQUE KEY `unique_buyer_seller` (`buyer_id`,`seller_id`,`delivery_id`),
  UNIQUE KEY `unique_buyer_rider_delivery` (`buyer_id`,`rider_id`,`delivery_id`),
  KEY `idx_buyer_id` (`buyer_id`),
  KEY `idx_seller_id` (`seller_id`),
  KEY `rider_id` (`rider_id`),
  KEY `delivery_id` (`delivery_id`),
  CONSTRAINT `conversations_ibfk_1` FOREIGN KEY (`buyer_id`) REFERENCES `buyers` (`buyer_id`) ON DELETE CASCADE,
  CONSTRAINT `conversations_ibfk_2` FOREIGN KEY (`seller_id`) REFERENCES `sellers` (`seller_id`) ON DELETE CASCADE,
  CONSTRAINT `conversations_ibfk_3` FOREIGN KEY (`rider_id`) REFERENCES `riders` (`rider_id`) ON DELETE CASCADE,
  CONSTRAINT `conversations_ibfk_4` FOREIGN KEY (`delivery_id`) REFERENCES `deliveries` (`delivery_id`) ON DELETE CASCADE
) ENGINE=InnoDB AUTO_INCREMENT=4 DEFAULT CHARSET=utf8mb4 COLLATE=utf8mb4_general_ci;

/*Data for the table `conversations` */

insert  into `conversations`(`conversation_id`,`buyer_id`,`seller_id`,`rider_id`,`delivery_id`,`last_message`,`buyer_unread_count`,`seller_unread_count`,`rider_unread_count`,`last_message_at`,`created_at`) values (2,8,7,NULL,NULL,'beybe',0,0,0,'2025-11-26 12:57:30','2025-11-14 13:38:39'),(3,8,NULL,4,3,'heys',0,1,0,'2025-11-19 13:12:20','2025-11-19 13:12:04');

/*Table structure for table `deliveries` */

DROP TABLE IF EXISTS `deliveries`;

CREATE TABLE `deliveries` (
  `delivery_id` int(11) NOT NULL AUTO_INCREMENT,
  `order_id` int(11) NOT NULL,
  `rider_id` int(11) DEFAULT NULL,
  `pickup_address` text NOT NULL,
  `delivery_address` text NOT NULL,
  `delivery_fee` decimal(10,2) NOT NULL,
  `rider_earnings` decimal(10,2) DEFAULT 0.00,
  `paid_by_platform` tinyint(1) DEFAULT 0,
  `status` enum('preparing','pending','assigned','in_transit','delivered','cancelled') DEFAULT NULL,
  `assigned_at` timestamp NULL DEFAULT NULL,
  `picked_up_at` timestamp NULL DEFAULT NULL,
  `delivered_at` timestamp NULL DEFAULT NULL,
  `completed_at` timestamp NULL DEFAULT NULL,
  `created_at` timestamp NOT NULL DEFAULT current_timestamp(),
  PRIMARY KEY (`delivery_id`),
  KEY `idx_order_id` (`order_id`),
  KEY `idx_rider_id` (`rider_id`),
  KEY `idx_status` (`status`),
  CONSTRAINT `deliveries_ibfk_1` FOREIGN KEY (`order_id`) REFERENCES `orders` (`order_id`) ON DELETE CASCADE,
  CONSTRAINT `deliveries_ibfk_2` FOREIGN KEY (`rider_id`) REFERENCES `riders` (`rider_id`) ON DELETE SET NULL
) ENGINE=InnoDB AUTO_INCREMENT=251 DEFAULT CHARSET=utf8mb4 COLLATE=utf8mb4_general_ci;

/*Data for the table `deliveries` */

insert  into `deliveries`(`delivery_id`,`order_id`,`rider_id`,`pickup_address`,`delivery_address`,`delivery_fee`,`rider_earnings`,`paid_by_platform`,`status`,`assigned_at`,`picked_up_at`,`delivered_at`,`completed_at`,`created_at`) values (1,1,4,'12, asdasdasdad, New Cebu, Lambayong, Sultan Kudarat, SOCCSKSARGEN, 4235','12, fsdasdasd, Bangkas Heights, City of Davao, Davao Del Sur, Davao Region','49.00','49.00',0,'delivered','2025-02-27 15:15:56','2025-02-27 17:15:56','2025-03-04 14:15:56','2025-02-28 14:15:56','2025-02-27 14:15:56'),(3,3,4,'12, asdasdasdad, New Cebu, Lambayong, Sultan Kudarat, SOCCSKSARGEN, 4235','12, fsdasdasd, Bangkas Heights, City of Davao, Davao Del Sur, Davao Region','49.00','49.00',1,'delivered','2025-05-26 15:15:56','2025-05-26 17:15:56','2025-05-31 14:15:56','2025-05-29 14:15:56','2025-05-26 14:15:56'),(4,5,4,'12, asdasdasdad, New Cebu, Lambayong, Sultan Kudarat, SOCCSKSARGEN, 4235','12, fsdasdasd, Bangkas Heights, City of Davao, Davao Del Sur, Davao Region','49.00','49.00',0,'delivered','2025-08-06 15:15:56','2025-08-06 17:15:56','2025-08-11 14:15:56','2025-08-07 14:15:56','2025-08-06 14:15:56'),(5,6,4,'12, asdasdasdad, New Cebu, Lambayong, Sultan Kudarat, SOCCSKSARGEN, 4235','12, fsdasdasd, Bangkas Heights, City of Davao, Davao Del Sur, Davao Region','49.00','49.00',1,'delivered','2025-11-14 15:15:56','2025-11-14 17:15:56','2025-11-16 14:15:56','2025-11-15 14:15:56','2025-11-14 14:15:56'),(8,9,104,'12, asdasdasdad, New Cebu, Lambayong, Sultan Kudarat, SOCCSKSARGEN, 4235','12, fsdasdasd, Bangkas Heights, City of Davao, Davao Del Sur, Davao Region','49.00','49.00',0,NULL,'2025-08-24 15:15:56','2025-08-24 17:15:56','2025-08-28 14:15:56','2025-08-28 14:15:56','2025-08-24 14:15:56'),(9,200,103,'#888 E, Taleon St Brgy Santisima Cruz, Santa Cruz, Laguna','12, fsdasdasd, Bangkas Heights, City of Davao, Davao Del Sur, Davao Region','49.00','49.00',0,'delivered','2025-09-14 15:15:56','2025-09-14 16:15:56','2025-09-16 14:15:56','2025-09-16 14:15:56','2025-09-14 14:15:56'),(10,201,4,'San Pablo Street, San Antonio, Kalayaan, Laguna','23, asdasdasda, Bayanan, City of Muntinlupa, NCR','49.00','49.00',0,'delivered','2025-08-27 15:15:56','2025-08-27 16:15:56','2025-08-28 14:15:56','2025-08-28 14:15:56','2025-08-27 14:15:56'),(11,300,103,'#888 E, Taleon St Brgy Santisima Cruz, Santa Cruz, Laguna','23, asdasdasda, Bayanan, City of Muntinlupa, NCR','49.00','49.00',0,'delivered','2025-03-31 15:15:56','2025-03-31 16:15:56','2025-04-03 14:15:56','2025-04-01 14:15:56','2025-03-31 14:15:56'),(12,301,101,'#888 E, Taleon St Brgy Santisima Cruz, Santa Cruz, Laguna','fsdfsdfsf, fsdfsdfsd, Pamplona Dos, City of Las Piñas, NCR','49.00','49.00',0,'delivered','2025-05-06 15:15:56','2025-05-06 16:15:56','2025-05-08 14:15:56','2025-05-08 14:15:56','2025-05-06 14:15:56'),(13,302,4,'#888 E, Taleon St Brgy Santisima Cruz, Santa Cruz, Laguna','fsfdsdfsdfd, fsdfsdsdfsfsd, San Miguel, Cateel, Davao Oriental, Davao Region','49.00','49.00',0,'delivered','2025-01-25 15:15:56','2025-01-25 16:15:56','2025-01-26 14:15:56','2025-01-27 14:15:56','2025-01-25 14:15:56'),(14,303,4,'#888 E, Taleon St Brgy Santisima Cruz, Santa Cruz, Laguna','fsdfsdfsdfsdf, fdsdfsdfsd, Maybula, Tulunan, Cotabato, SOCCSKSARGEN, 9403','49.00','49.00',0,'delivered','2025-05-20 15:15:56','2025-05-20 16:15:56','2025-05-22 14:15:56','2025-05-21 14:15:56','2025-05-20 14:15:56'),(15,304,104,'San Antonio Village P2, Linga, Pila, Laguna','12, fsdasdasd, Bangkas Heights, City of Davao, Davao Del Sur, Davao Region','49.00','49.00',0,'delivered','2025-10-18 15:15:56','2025-10-18 16:15:56','2025-10-20 14:15:56','2025-10-21 14:15:56','2025-10-18 14:15:56'),(16,305,102,'San Antonio Village P2, Linga, Pila, Laguna','fsdfsdfsf, fsdfsdfsd, Pamplona Dos, City of Las Piñas, NCR','49.00','49.00',0,'delivered','2025-11-29 15:15:56','2025-11-29 16:15:56','2025-11-30 14:15:56','2025-11-30 14:15:56','2025-11-29 14:15:56'),(17,306,103,'San Antonio Village P2, Linga, Pila, Laguna','fsfdsdfsdfd, fsdfsdsdfsfsd, San Miguel, Cateel, Davao Oriental, Davao Region','49.00','49.00',0,'delivered','2025-04-04 15:15:56','2025-04-04 16:15:56','2025-04-06 14:15:56','2025-04-06 14:15:56','2025-04-04 14:15:56'),(18,307,101,'San Antonio Village P2, Linga, Pila, Laguna','fsdfsdfsdfsdf, fdsdfsdfsd, Maybula, Tulunan, Cotabato, SOCCSKSARGEN, 9403','49.00','49.00',0,'delivered','2025-08-16 15:15:56','2025-08-16 16:15:56','2025-08-17 14:15:56','2025-08-17 14:15:56','2025-08-16 14:15:56'),(19,308,100,'Sto Angel Norte, San Francisco Subdivision, Sta Cruz, Laguna','12, fsdasdasd, Bangkas Heights, City of Davao, Davao Del Sur, Davao Region','49.00','49.00',0,'delivered','2025-06-09 15:15:56','2025-06-09 16:15:56','2025-06-12 14:15:56','2025-06-11 14:15:56','2025-06-09 14:15:56'),(20,309,4,'Sto Angel Norte, San Francisco Subdivision, Sta Cruz, Laguna','23, asdasdasda, Bayanan, City of Muntinlupa, NCR','49.00','49.00',0,'delivered','2025-05-26 15:15:56','2025-05-26 16:15:56','2025-05-27 14:15:56','2025-05-27 14:15:56','2025-05-26 14:15:56'),(21,310,101,'Sto Angel Norte, San Francisco Subdivision, Sta Cruz, Laguna','fsfdsdfsdfd, fsdfsdsdfsfsd, San Miguel, Cateel, Davao Oriental, Davao Region','49.00','49.00',0,'delivered','2025-10-04 15:15:56','2025-10-04 16:15:56','2025-10-05 14:15:56','2025-10-05 14:15:56','2025-10-04 14:15:56'),(22,311,4,'Sto Angel Norte, San Francisco Subdivision, Sta Cruz, Laguna','fsdfsdfsdfsdf, fdsdfsdfsd, Maybula, Tulunan, Cotabato, SOCCSKSARGEN, 9403','49.00','49.00',0,'delivered','2025-09-06 15:15:56','2025-09-06 16:15:56','2025-09-08 14:15:56','2025-09-09 14:15:56','2025-09-06 14:15:56'),(23,312,100,'Mabini Street, Brgy Poblacion, Magdalena, Laguna','12, fsdasdasd, Bangkas Heights, City of Davao, Davao Del Sur, Davao Region','49.00','49.00',0,'delivered','2025-03-20 15:15:56','2025-03-20 16:15:56','2025-03-21 14:15:56','2025-03-23 14:15:56','2025-03-20 14:15:56'),(24,313,104,'Mabini Street, Brgy Poblacion, Magdalena, Laguna','23, asdasdasda, Bayanan, City of Muntinlupa, NCR','49.00','49.00',0,'delivered','2025-02-12 15:15:56','2025-02-12 16:15:56','2025-02-13 14:15:56','2025-02-15 14:15:56','2025-02-12 14:15:56'),(25,314,102,'Mabini Street, Brgy Poblacion, Magdalena, Laguna','fsdfsdfsf, fsdfsdfsd, Pamplona Dos, City of Las Piñas, NCR','49.00','49.00',0,'delivered','2025-01-07 15:15:56','2025-01-07 16:15:56','2025-01-08 14:15:56','2025-01-09 14:15:56','2025-01-07 14:15:56'),(26,315,102,'Mabini Street, Brgy Poblacion, Magdalena, Laguna','fsdfsdfsdfsdf, fdsdfsdfsd, Maybula, Tulunan, Cotabato, SOCCSKSARGEN, 9403','49.00','49.00',0,'delivered','2025-10-29 15:15:56','2025-10-29 16:15:56','2025-10-31 14:15:56','2025-10-31 14:15:56','2025-10-29 14:15:56'),(27,316,4,'San Pablo Street, San Antonio, Kalayaan, Laguna','12, fsdasdasd, Bangkas Heights, City of Davao, Davao Del Sur, Davao Region','49.00','49.00',0,'delivered','2025-02-27 15:15:56','2025-02-27 16:15:56','2025-03-02 14:15:56','2025-03-02 14:15:56','2025-02-27 14:15:56'),(28,317,4,'San Pablo Street, San Antonio, Kalayaan, Laguna','23, asdasdasda, Bayanan, City of Muntinlupa, NCR','49.00','49.00',0,'delivered','2025-05-23 15:15:56','2025-05-23 16:15:56','2025-05-26 14:15:56','2025-05-24 14:15:56','2025-05-23 14:15:56'),(29,318,100,'San Pablo Street, San Antonio, Kalayaan, Laguna','fsdfsdfsf, fsdfsdfsd, Pamplona Dos, City of Las Piñas, NCR','49.00','49.00',0,'delivered','2025-07-24 15:15:56','2025-07-24 16:15:56','2025-07-25 14:15:56','2025-07-27 14:15:56','2025-07-24 14:15:56'),(30,319,104,'San Pablo Street, San Antonio, Kalayaan, Laguna','fsfdsdfsdfd, fsdfsdsdfsfsd, San Miguel, Cateel, Davao Oriental, Davao Region','49.00','49.00',0,'delivered','2025-09-16 15:15:56','2025-09-16 16:15:56','2025-09-18 14:15:56','2025-09-17 14:15:56','2025-09-16 14:15:56'),(31,320,102,'#888 E, Taleon St Brgy Santisima Cruz, Santa Cruz, Laguna','23, asdasdasda, Bayanan, City of Muntinlupa, NCR','49.00','49.00',0,'delivered','2024-12-13 15:15:56','2024-12-13 16:15:56','2024-12-14 14:15:56','2024-12-15 14:15:56','2024-12-13 14:15:56'),(32,321,104,'#888 E, Taleon St Brgy Santisima Cruz, Santa Cruz, Laguna','fsdfsdfsf, fsdfsdfsd, Pamplona Dos, City of Las Piñas, NCR','49.00','49.00',0,'delivered','2025-09-13 15:15:56','2025-09-13 16:15:56','2025-09-15 14:15:56','2025-09-14 14:15:56','2025-09-13 14:15:56'),(33,322,104,'#888 E, Taleon St Brgy Santisima Cruz, Santa Cruz, Laguna','fsfdsdfsdfd, fsdfsdsdfsfsd, San Miguel, Cateel, Davao Oriental, Davao Region','49.00','49.00',0,'delivered','2025-09-25 15:15:56','2025-09-25 16:15:56','2025-09-26 14:15:56','2025-09-28 14:15:56','2025-09-25 14:15:56'),(34,323,100,'#888 E, Taleon St Brgy Santisima Cruz, Santa Cruz, Laguna','fsdfsdfsdfsdf, fdsdfsdfsd, Maybula, Tulunan, Cotabato, SOCCSKSARGEN, 9403','49.00','49.00',0,'delivered','2025-08-26 15:15:56','2025-08-26 16:15:56','2025-08-28 14:15:56','2025-08-28 14:15:56','2025-08-26 14:15:56'),(35,324,100,'San Antonio Village P2, Linga, Pila, Laguna','12, fsdasdasd, Bangkas Heights, City of Davao, Davao Del Sur, Davao Region','49.00','49.00',0,'delivered','2025-02-19 15:15:56','2025-02-19 16:15:56','2025-02-20 14:15:56','2025-02-22 14:15:56','2025-02-19 14:15:56'),(36,325,104,'San Antonio Village P2, Linga, Pila, Laguna','fsdfsdfsf, fsdfsdfsd, Pamplona Dos, City of Las Piñas, NCR','49.00','49.00',0,'delivered','2025-10-22 15:15:56','2025-10-22 16:15:56','2025-10-25 14:15:56','2025-10-23 14:15:56','2025-10-22 14:15:56'),(37,326,100,'San Antonio Village P2, Linga, Pila, Laguna','fsfdsdfsdfd, fsdfsdsdfsfsd, San Miguel, Cateel, Davao Oriental, Davao Region','49.00','49.00',0,'delivered','2025-09-18 15:15:56','2025-09-18 16:15:56','2025-09-19 14:15:56','2025-09-20 14:15:56','2025-09-18 14:15:56'),(38,327,100,'San Antonio Village P2, Linga, Pila, Laguna','fsdfsdfsdfsdf, fdsdfsdfsd, Maybula, Tulunan, Cotabato, SOCCSKSARGEN, 9403','49.00','49.00',0,'delivered','2025-03-25 15:15:56','2025-03-25 16:15:56','2025-03-27 14:15:56','2025-03-28 14:15:56','2025-03-25 14:15:56'),(39,328,100,'Sto Angel Norte, San Francisco Subdivision, Sta Cruz, Laguna','12, fsdasdasd, Bangkas Heights, City of Davao, Davao Del Sur, Davao Region','49.00','49.00',0,'delivered','2025-02-02 15:15:56','2025-02-02 16:15:56','2025-02-05 14:15:56','2025-02-05 14:15:56','2025-02-02 14:15:56'),(40,329,101,'Sto Angel Norte, San Francisco Subdivision, Sta Cruz, Laguna','23, asdasdasda, Bayanan, City of Muntinlupa, NCR','49.00','49.00',0,'delivered','2025-11-02 15:15:56','2025-11-02 16:15:56','2025-11-04 14:15:56','2025-11-05 14:15:56','2025-11-02 14:15:56'),(41,330,100,'Sto Angel Norte, San Francisco Subdivision, Sta Cruz, Laguna','fsfdsdfsdfd, fsdfsdsdfsfsd, San Miguel, Cateel, Davao Oriental, Davao Region','49.00','49.00',0,'delivered','2025-01-02 15:15:56','2025-01-02 16:15:56','2025-01-04 14:15:56','2025-01-03 14:15:56','2025-01-02 14:15:56'),(42,331,103,'Sto Angel Norte, San Francisco Subdivision, Sta Cruz, Laguna','fsdfsdfsdfsdf, fdsdfsdfsd, Maybula, Tulunan, Cotabato, SOCCSKSARGEN, 9403','49.00','49.00',0,'delivered','2025-08-02 15:15:56','2025-08-02 16:15:56','2025-08-03 14:15:56','2025-08-03 14:15:56','2025-08-02 14:15:56'),(43,332,101,'Mabini Street, Brgy Poblacion, Magdalena, Laguna','12, fsdasdasd, Bangkas Heights, City of Davao, Davao Del Sur, Davao Region','49.00','49.00',0,'delivered','2024-12-29 15:15:56','2024-12-29 16:15:56','2024-12-30 14:15:56','2024-12-31 14:15:56','2024-12-29 14:15:56'),(44,333,4,'Mabini Street, Brgy Poblacion, Magdalena, Laguna','23, asdasdasda, Bayanan, City of Muntinlupa, NCR','49.00','49.00',0,'delivered','2025-04-18 15:15:56','2025-04-18 16:15:56','2025-04-19 14:15:56','2025-04-21 14:15:56','2025-04-18 14:15:56'),(45,334,101,'Mabini Street, Brgy Poblacion, Magdalena, Laguna','fsdfsdfsf, fsdfsdfsd, Pamplona Dos, City of Las Piñas, NCR','49.00','49.00',0,'delivered','2025-07-31 15:15:56','2025-07-31 16:15:56','2025-08-03 14:15:56','2025-08-03 14:15:56','2025-07-31 14:15:56'),(46,335,102,'Mabini Street, Brgy Poblacion, Magdalena, Laguna','fsdfsdfsdfsdf, fdsdfsdfsd, Maybula, Tulunan, Cotabato, SOCCSKSARGEN, 9403','49.00','49.00',0,'delivered','2025-02-03 15:15:56','2025-02-03 16:15:56','2025-02-06 14:15:56','2025-02-04 14:15:56','2025-02-03 14:15:56'),(47,336,102,'San Pablo Street, San Antonio, Kalayaan, Laguna','12, fsdasdasd, Bangkas Heights, City of Davao, Davao Del Sur, Davao Region','49.00','49.00',0,'delivered','2025-10-20 15:15:56','2025-10-20 16:15:56','2025-10-21 14:15:56','2025-10-21 14:15:56','2025-10-20 14:15:56'),(48,337,100,'San Pablo Street, San Antonio, Kalayaan, Laguna','23, asdasdasda, Bayanan, City of Muntinlupa, NCR','49.00','49.00',0,'delivered','2025-10-25 15:15:56','2025-10-25 16:15:56','2025-10-28 14:15:56','2025-10-28 14:15:56','2025-10-25 14:15:56'),(49,338,101,'San Pablo Street, San Antonio, Kalayaan, Laguna','fsdfsdfsf, fsdfsdfsd, Pamplona Dos, City of Las Piñas, NCR','49.00','49.00',0,'delivered','2025-10-02 15:15:56','2025-10-02 16:15:56','2025-10-05 14:15:56','2025-10-03 14:15:56','2025-10-02 14:15:56'),(50,339,103,'San Pablo Street, San Antonio, Kalayaan, Laguna','fsfdsdfsdfd, fsdfsdsdfsfsd, San Miguel, Cateel, Davao Oriental, Davao Region','49.00','49.00',0,'delivered','2025-05-27 15:15:56','2025-05-27 16:15:56','2025-05-30 14:15:56','2025-05-29 14:15:56','2025-05-27 14:15:56'),(51,340,104,'#888 E, Taleon St Brgy Santisima Cruz, Santa Cruz, Laguna','23, asdasdasda, Bayanan, City of Muntinlupa, NCR','49.00','49.00',0,'delivered','2025-10-30 15:15:56','2025-10-30 16:15:56','2025-11-01 14:15:56','2025-10-31 14:15:56','2025-10-30 14:15:56'),(52,341,100,'#888 E, Taleon St Brgy Santisima Cruz, Santa Cruz, Laguna','fsdfsdfsf, fsdfsdfsd, Pamplona Dos, City of Las Piñas, NCR','49.00','49.00',0,'delivered','2025-01-10 15:15:56','2025-01-10 16:15:56','2025-01-11 14:15:56','2025-01-11 14:15:56','2025-01-10 14:15:56'),(53,342,102,'#888 E, Taleon St Brgy Santisima Cruz, Santa Cruz, Laguna','fsfdsdfsdfd, fsdfsdsdfsfsd, San Miguel, Cateel, Davao Oriental, Davao Region','49.00','49.00',0,'delivered','2025-09-20 15:15:56','2025-09-20 16:15:56','2025-09-21 14:15:56','2025-09-22 14:15:56','2025-09-20 14:15:56'),(54,343,104,'#888 E, Taleon St Brgy Santisima Cruz, Santa Cruz, Laguna','fsdfsdfsdfsdf, fdsdfsdfsd, Maybula, Tulunan, Cotabato, SOCCSKSARGEN, 9403','49.00','49.00',0,'delivered','2025-08-08 15:15:56','2025-08-08 16:15:56','2025-08-11 14:15:56','2025-08-10 14:15:56','2025-08-08 14:15:56'),(55,344,101,'San Antonio Village P2, Linga, Pila, Laguna','12, fsdasdasd, Bangkas Heights, City of Davao, Davao Del Sur, Davao Region','49.00','49.00',0,'delivered','2024-12-07 15:15:56','2024-12-07 16:15:56','2024-12-08 14:15:56','2024-12-08 14:15:56','2024-12-07 14:15:56'),(56,345,101,'San Antonio Village P2, Linga, Pila, Laguna','fsdfsdfsf, fsdfsdfsd, Pamplona Dos, City of Las Piñas, NCR','49.00','49.00',0,'delivered','2024-12-11 15:15:56','2024-12-11 16:15:56','2024-12-13 14:15:56','2024-12-13 14:15:56','2024-12-11 14:15:56'),(57,346,103,'San Antonio Village P2, Linga, Pila, Laguna','fsfdsdfsdfd, fsdfsdsdfsfsd, San Miguel, Cateel, Davao Oriental, Davao Region','49.00','49.00',0,'delivered','2025-01-01 15:15:56','2025-01-01 16:15:56','2025-01-04 14:15:56','2025-01-03 14:15:56','2025-01-01 14:15:56'),(58,347,4,'San Antonio Village P2, Linga, Pila, Laguna','fsdfsdfsdfsdf, fdsdfsdfsd, Maybula, Tulunan, Cotabato, SOCCSKSARGEN, 9403','49.00','49.00',0,'delivered','2025-04-04 15:15:56','2025-04-04 16:15:56','2025-04-05 14:15:56','2025-04-06 14:15:56','2025-04-04 14:15:56'),(59,348,101,'Sto Angel Norte, San Francisco Subdivision, Sta Cruz, Laguna','12, fsdasdasd, Bangkas Heights, City of Davao, Davao Del Sur, Davao Region','49.00','49.00',0,'delivered','2025-05-14 15:15:56','2025-05-14 16:15:56','2025-05-17 14:15:56','2025-05-17 14:15:56','2025-05-14 14:15:56'),(60,349,104,'Sto Angel Norte, San Francisco Subdivision, Sta Cruz, Laguna','23, asdasdasda, Bayanan, City of Muntinlupa, NCR','49.00','49.00',0,'delivered','2025-02-18 15:15:56','2025-02-18 16:15:56','2025-02-19 14:15:56','2025-02-20 14:15:56','2025-02-18 14:15:56'),(61,350,102,'Sto Angel Norte, San Francisco Subdivision, Sta Cruz, Laguna','fsfdsdfsdfd, fsdfsdsdfsfsd, San Miguel, Cateel, Davao Oriental, Davao Region','49.00','49.00',0,'delivered','2025-08-27 15:15:56','2025-08-27 16:15:56','2025-08-30 14:15:56','2025-08-29 14:15:56','2025-08-27 14:15:56'),(62,351,4,'Sto Angel Norte, San Francisco Subdivision, Sta Cruz, Laguna','fsdfsdfsdfsdf, fdsdfsdfsd, Maybula, Tulunan, Cotabato, SOCCSKSARGEN, 9403','49.00','49.00',0,'delivered','2024-12-15 15:15:56','2024-12-15 16:15:56','2024-12-17 14:15:56','2024-12-16 14:15:56','2024-12-15 14:15:56'),(63,352,103,'Mabini Street, Brgy Poblacion, Magdalena, Laguna','12, fsdasdasd, Bangkas Heights, City of Davao, Davao Del Sur, Davao Region','49.00','49.00',0,'delivered','2025-11-23 15:15:56','2025-11-23 16:15:56','2025-11-26 14:15:56','2025-11-25 14:15:56','2025-11-23 14:15:56'),(64,353,101,'Mabini Street, Brgy Poblacion, Magdalena, Laguna','23, asdasdasda, Bayanan, City of Muntinlupa, NCR','49.00','49.00',0,'delivered','2025-09-07 15:15:56','2025-09-07 16:15:56','2025-09-08 14:15:56','2025-09-08 14:15:56','2025-09-07 14:15:56'),(65,354,101,'Mabini Street, Brgy Poblacion, Magdalena, Laguna','fsdfsdfsf, fsdfsdfsd, Pamplona Dos, City of Las Piñas, NCR','49.00','49.00',0,'delivered','2025-10-27 15:15:56','2025-10-27 16:15:56','2025-10-28 14:15:56','2025-10-30 14:15:56','2025-10-27 14:15:56'),(66,355,102,'Mabini Street, Brgy Poblacion, Magdalena, Laguna','fsdfsdfsdfsdf, fdsdfsdfsd, Maybula, Tulunan, Cotabato, SOCCSKSARGEN, 9403','49.00','49.00',0,'delivered','2025-02-18 15:15:56','2025-02-18 16:15:56','2025-02-21 14:15:56','2025-02-19 14:15:56','2025-02-18 14:15:56'),(67,356,4,'San Pablo Street, San Antonio, Kalayaan, Laguna','12, fsdasdasd, Bangkas Heights, City of Davao, Davao Del Sur, Davao Region','49.00','49.00',0,'delivered','2025-04-15 15:15:56','2025-04-15 16:15:56','2025-04-18 14:15:56','2025-04-16 14:15:56','2025-04-15 14:15:56'),(68,357,4,'San Pablo Street, San Antonio, Kalayaan, Laguna','23, asdasdasda, Bayanan, City of Muntinlupa, NCR','49.00','49.00',0,'delivered','2025-02-11 15:15:56','2025-02-11 16:15:56','2025-02-12 14:15:56','2025-02-12 14:15:56','2025-02-11 14:15:56'),(69,358,102,'San Pablo Street, San Antonio, Kalayaan, Laguna','fsdfsdfsf, fsdfsdfsd, Pamplona Dos, City of Las Piñas, NCR','49.00','49.00',0,'delivered','2025-10-15 15:15:56','2025-10-15 16:15:56','2025-10-17 14:15:56','2025-10-17 14:15:56','2025-10-15 14:15:56'),(70,359,103,'San Pablo Street, San Antonio, Kalayaan, Laguna','fsfdsdfsdfd, fsdfsdsdfsfsd, San Miguel, Cateel, Davao Oriental, Davao Region','49.00','49.00',0,'delivered','2025-09-08 15:15:56','2025-09-08 16:15:56','2025-09-09 14:15:56','2025-09-10 14:15:56','2025-09-08 14:15:56'),(71,360,104,'#888 E, Taleon St Brgy Santisima Cruz, Santa Cruz, Laguna','23, asdasdasda, Bayanan, City of Muntinlupa, NCR','49.00','49.00',0,'delivered','2025-02-22 15:15:56','2025-02-22 16:15:56','2025-02-25 14:15:56','2025-02-25 14:15:56','2025-02-22 14:15:56'),(72,361,104,'#888 E, Taleon St Brgy Santisima Cruz, Santa Cruz, Laguna','fsdfsdfsf, fsdfsdfsd, Pamplona Dos, City of Las Piñas, NCR','49.00','49.00',0,'delivered','2025-09-30 15:15:56','2025-09-30 16:15:56','2025-10-02 14:15:56','2025-10-01 14:15:56','2025-09-30 14:15:56'),(73,362,101,'#888 E, Taleon St Brgy Santisima Cruz, Santa Cruz, Laguna','fsfdsdfsdfd, fsdfsdsdfsfsd, San Miguel, Cateel, Davao Oriental, Davao Region','49.00','49.00',0,'delivered','2025-05-22 15:15:56','2025-05-22 16:15:56','2025-05-25 14:15:56','2025-05-23 14:15:56','2025-05-22 14:15:56'),(74,363,101,'#888 E, Taleon St Brgy Santisima Cruz, Santa Cruz, Laguna','fsdfsdfsdfsdf, fdsdfsdfsd, Maybula, Tulunan, Cotabato, SOCCSKSARGEN, 9403','49.00','49.00',0,'delivered','2025-10-09 15:15:56','2025-10-09 16:15:56','2025-10-11 14:15:56','2025-10-10 14:15:56','2025-10-09 14:15:56'),(75,364,104,'San Antonio Village P2, Linga, Pila, Laguna','12, fsdasdasd, Bangkas Heights, City of Davao, Davao Del Sur, Davao Region','49.00','49.00',0,'delivered','2025-10-14 15:15:56','2025-10-14 16:15:56','2025-10-15 14:15:56','2025-10-16 14:15:56','2025-10-14 14:15:56'),(76,365,104,'San Antonio Village P2, Linga, Pila, Laguna','fsdfsdfsf, fsdfsdfsd, Pamplona Dos, City of Las Piñas, NCR','49.00','49.00',0,'delivered','2025-09-10 15:15:56','2025-09-10 16:15:56','2025-09-13 14:15:56','2025-09-12 14:15:56','2025-09-10 14:15:56'),(77,366,100,'San Antonio Village P2, Linga, Pila, Laguna','fsfdsdfsdfd, fsdfsdsdfsfsd, San Miguel, Cateel, Davao Oriental, Davao Region','49.00','49.00',0,'delivered','2025-03-09 15:15:56','2025-03-09 16:15:56','2025-03-12 14:15:56','2025-03-10 14:15:56','2025-03-09 14:15:56'),(78,367,102,'San Antonio Village P2, Linga, Pila, Laguna','fsdfsdfsdfsdf, fdsdfsdfsd, Maybula, Tulunan, Cotabato, SOCCSKSARGEN, 9403','49.00','49.00',0,'delivered','2024-12-05 15:15:56','2024-12-05 16:15:56','2024-12-07 14:15:56','2024-12-08 14:15:56','2024-12-05 14:15:56'),(79,368,102,'Sto Angel Norte, San Francisco Subdivision, Sta Cruz, Laguna','12, fsdasdasd, Bangkas Heights, City of Davao, Davao Del Sur, Davao Region','49.00','49.00',0,'delivered','2025-03-03 15:15:56','2025-03-03 16:15:56','2025-03-05 14:15:56','2025-03-05 14:15:56','2025-03-03 14:15:56'),(80,369,104,'Sto Angel Norte, San Francisco Subdivision, Sta Cruz, Laguna','23, asdasdasda, Bayanan, City of Muntinlupa, NCR','49.00','49.00',0,'delivered','2025-02-21 15:15:56','2025-02-21 16:15:56','2025-02-24 14:15:56','2025-02-23 14:15:56','2025-02-21 14:15:56'),(81,370,101,'Sto Angel Norte, San Francisco Subdivision, Sta Cruz, Laguna','fsfdsdfsdfd, fsdfsdsdfsfsd, San Miguel, Cateel, Davao Oriental, Davao Region','49.00','49.00',0,'delivered','2025-04-12 15:15:56','2025-04-12 16:15:56','2025-04-15 14:15:56','2025-04-13 14:15:56','2025-04-12 14:15:56'),(82,371,104,'Sto Angel Norte, San Francisco Subdivision, Sta Cruz, Laguna','fsdfsdfsdfsdf, fdsdfsdfsd, Maybula, Tulunan, Cotabato, SOCCSKSARGEN, 9403','49.00','49.00',0,'delivered','2025-01-21 15:15:56','2025-01-21 16:15:56','2025-01-23 14:15:56','2025-01-23 14:15:56','2025-01-21 14:15:56'),(83,372,100,'Mabini Street, Brgy Poblacion, Magdalena, Laguna','12, fsdasdasd, Bangkas Heights, City of Davao, Davao Del Sur, Davao Region','49.00','49.00',0,'delivered','2025-07-13 15:15:56','2025-07-13 16:15:56','2025-07-14 14:15:56','2025-07-16 14:15:56','2025-07-13 14:15:56'),(84,373,103,'Mabini Street, Brgy Poblacion, Magdalena, Laguna','23, asdasdasda, Bayanan, City of Muntinlupa, NCR','49.00','49.00',0,'delivered','2025-07-22 15:15:56','2025-07-22 16:15:56','2025-07-23 14:15:56','2025-07-24 14:15:56','2025-07-22 14:15:56'),(85,374,101,'Mabini Street, Brgy Poblacion, Magdalena, Laguna','fsdfsdfsf, fsdfsdfsd, Pamplona Dos, City of Las Piñas, NCR','49.00','49.00',0,'delivered','2025-04-11 15:15:56','2025-04-11 16:15:56','2025-04-14 14:15:56','2025-04-12 14:15:56','2025-04-11 14:15:56'),(86,375,104,'Mabini Street, Brgy Poblacion, Magdalena, Laguna','fsdfsdfsdfsdf, fdsdfsdfsd, Maybula, Tulunan, Cotabato, SOCCSKSARGEN, 9403','49.00','49.00',0,'delivered','2025-10-15 15:15:56','2025-10-15 16:15:56','2025-10-17 14:15:56','2025-10-17 14:15:56','2025-10-15 14:15:56'),(87,376,104,'San Pablo Street, San Antonio, Kalayaan, Laguna','12, fsdasdasd, Bangkas Heights, City of Davao, Davao Del Sur, Davao Region','49.00','49.00',0,'delivered','2025-03-14 15:15:56','2025-03-14 16:15:56','2025-03-17 14:15:56','2025-03-16 14:15:56','2025-03-14 14:15:56'),(88,377,103,'San Pablo Street, San Antonio, Kalayaan, Laguna','23, asdasdasda, Bayanan, City of Muntinlupa, NCR','49.00','49.00',0,'delivered','2025-09-18 15:15:56','2025-09-18 16:15:56','2025-09-19 14:15:56','2025-09-21 14:15:56','2025-09-18 14:15:56'),(89,378,103,'San Pablo Street, San Antonio, Kalayaan, Laguna','fsdfsdfsf, fsdfsdfsd, Pamplona Dos, City of Las Piñas, NCR','49.00','49.00',0,'delivered','2025-01-19 15:15:56','2025-01-19 16:15:56','2025-01-21 14:15:56','2025-01-21 14:15:56','2025-01-19 14:15:56'),(90,379,101,'San Pablo Street, San Antonio, Kalayaan, Laguna','fsfdsdfsdfd, fsdfsdsdfsfsd, San Miguel, Cateel, Davao Oriental, Davao Region','49.00','49.00',0,'delivered','2025-03-13 15:15:56','2025-03-13 16:15:56','2025-03-16 14:15:56','2025-03-14 14:15:56','2025-03-13 14:15:56'),(91,380,101,'#888 E, Taleon St Brgy Santisima Cruz, Santa Cruz, Laguna','23, asdasdasda, Bayanan, City of Muntinlupa, NCR','49.00','49.00',0,'delivered','2025-11-29 15:15:56','2025-11-29 16:15:56','2025-11-30 14:15:56','2025-12-02 14:15:56','2025-11-29 14:15:56'),(92,381,102,'#888 E, Taleon St Brgy Santisima Cruz, Santa Cruz, Laguna','fsdfsdfsf, fsdfsdfsd, Pamplona Dos, City of Las Piñas, NCR','49.00','49.00',0,'delivered','2025-01-16 15:15:56','2025-01-16 16:15:56','2025-01-19 14:15:56','2025-01-17 14:15:56','2025-01-16 14:15:56'),(93,382,4,'#888 E, Taleon St Brgy Santisima Cruz, Santa Cruz, Laguna','fsfdsdfsdfd, fsdfsdsdfsfsd, San Miguel, Cateel, Davao Oriental, Davao Region','49.00','49.00',0,'delivered','2025-07-27 15:15:56','2025-07-27 16:15:56','2025-07-29 14:15:56','2025-07-29 14:15:56','2025-07-27 14:15:56'),(94,383,101,'#888 E, Taleon St Brgy Santisima Cruz, Santa Cruz, Laguna','fsdfsdfsdfsdf, fdsdfsdfsd, Maybula, Tulunan, Cotabato, SOCCSKSARGEN, 9403','49.00','49.00',0,'delivered','2025-10-19 15:15:56','2025-10-19 16:15:56','2025-10-21 14:15:56','2025-10-22 14:15:56','2025-10-19 14:15:56'),(95,384,103,'San Antonio Village P2, Linga, Pila, Laguna','12, fsdasdasd, Bangkas Heights, City of Davao, Davao Del Sur, Davao Region','49.00','49.00',0,'delivered','2025-05-15 15:15:56','2025-05-15 16:15:56','2025-05-16 14:15:56','2025-05-17 14:15:56','2025-05-15 14:15:56'),(96,385,4,'San Antonio Village P2, Linga, Pila, Laguna','fsdfsdfsf, fsdfsdfsd, Pamplona Dos, City of Las Piñas, NCR','49.00','49.00',0,'delivered','2025-07-11 15:15:56','2025-07-11 16:15:56','2025-07-14 14:15:56','2025-07-12 14:15:56','2025-07-11 14:15:56'),(97,386,104,'San Antonio Village P2, Linga, Pila, Laguna','fsfdsdfsdfd, fsdfsdsdfsfsd, San Miguel, Cateel, Davao Oriental, Davao Region','49.00','49.00',0,'delivered','2025-08-09 15:15:56','2025-08-09 16:15:56','2025-08-12 14:15:56','2025-08-10 14:15:56','2025-08-09 14:15:56'),(98,387,101,'San Antonio Village P2, Linga, Pila, Laguna','fsdfsdfsdfsdf, fdsdfsdfsd, Maybula, Tulunan, Cotabato, SOCCSKSARGEN, 9403','49.00','49.00',0,'delivered','2025-07-10 15:15:56','2025-07-10 16:15:56','2025-07-11 14:15:56','2025-07-13 14:15:56','2025-07-10 14:15:56'),(99,388,104,'Sto Angel Norte, San Francisco Subdivision, Sta Cruz, Laguna','12, fsdasdasd, Bangkas Heights, City of Davao, Davao Del Sur, Davao Region','49.00','49.00',0,'delivered','2025-11-20 15:15:56','2025-11-20 16:15:56','2025-11-21 14:15:56','2025-11-23 14:15:56','2025-11-20 14:15:56'),(100,389,102,'Sto Angel Norte, San Francisco Subdivision, Sta Cruz, Laguna','23, asdasdasda, Bayanan, City of Muntinlupa, NCR','49.00','49.00',0,'delivered','2024-12-13 15:15:56','2024-12-13 16:15:56','2024-12-14 14:15:56','2024-12-15 14:15:56','2024-12-13 14:15:56'),(101,390,101,'Sto Angel Norte, San Francisco Subdivision, Sta Cruz, Laguna','fsfdsdfsdfd, fsdfsdsdfsfsd, San Miguel, Cateel, Davao Oriental, Davao Region','49.00','49.00',0,'delivered','2025-03-01 15:15:56','2025-03-01 16:15:56','2025-03-04 14:15:56','2025-03-03 14:15:56','2025-03-01 14:15:56'),(102,391,101,'Sto Angel Norte, San Francisco Subdivision, Sta Cruz, Laguna','fsdfsdfsdfsdf, fdsdfsdfsd, Maybula, Tulunan, Cotabato, SOCCSKSARGEN, 9403','49.00','49.00',0,'delivered','2025-01-21 15:15:56','2025-01-21 16:15:56','2025-01-22 14:15:56','2025-01-22 14:15:56','2025-01-21 14:15:56'),(103,392,104,'Mabini Street, Brgy Poblacion, Magdalena, Laguna','12, fsdasdasd, Bangkas Heights, City of Davao, Davao Del Sur, Davao Region','49.00','49.00',0,'delivered','2025-11-15 15:15:56','2025-11-15 16:15:56','2025-11-17 14:15:56','2025-11-17 14:15:56','2025-11-15 14:15:56'),(104,393,102,'Mabini Street, Brgy Poblacion, Magdalena, Laguna','23, asdasdasda, Bayanan, City of Muntinlupa, NCR','49.00','49.00',0,'delivered','2025-04-11 15:15:56','2025-04-11 16:15:56','2025-04-13 14:15:56','2025-04-13 14:15:56','2025-04-11 14:15:56'),(105,394,103,'Mabini Street, Brgy Poblacion, Magdalena, Laguna','fsdfsdfsf, fsdfsdfsd, Pamplona Dos, City of Las Piñas, NCR','49.00','49.00',0,'delivered','2025-11-05 15:15:56','2025-11-05 16:15:56','2025-11-07 14:15:56','2025-11-07 14:15:56','2025-11-05 14:15:56'),(106,395,4,'Mabini Street, Brgy Poblacion, Magdalena, Laguna','fsdfsdfsdfsdf, fdsdfsdfsd, Maybula, Tulunan, Cotabato, SOCCSKSARGEN, 9403','49.00','49.00',0,'delivered','2025-06-26 15:15:56','2025-06-26 16:15:56','2025-06-27 14:15:56','2025-06-28 14:15:56','2025-06-26 14:15:56'),(107,396,103,'San Pablo Street, San Antonio, Kalayaan, Laguna','12, fsdasdasd, Bangkas Heights, City of Davao, Davao Del Sur, Davao Region','49.00','49.00',0,'delivered','2024-12-18 15:15:56','2024-12-18 16:15:56','2024-12-19 14:15:56','2024-12-21 14:15:56','2024-12-18 14:15:56'),(108,397,4,'San Pablo Street, San Antonio, Kalayaan, Laguna','23, asdasdasda, Bayanan, City of Muntinlupa, NCR','49.00','49.00',0,'delivered','2025-06-11 15:15:56','2025-06-11 16:15:56','2025-06-14 14:15:56','2025-06-14 14:15:56','2025-06-11 14:15:56'),(109,398,102,'San Pablo Street, San Antonio, Kalayaan, Laguna','fsdfsdfsf, fsdfsdfsd, Pamplona Dos, City of Las Piñas, NCR','49.00','49.00',0,'delivered','2025-05-31 15:15:56','2025-05-31 16:15:56','2025-06-03 14:15:56','2025-06-01 14:15:56','2025-05-31 14:15:56'),(110,399,4,'San Pablo Street, San Antonio, Kalayaan, Laguna','fsfdsdfsdfd, fsdfsdsdfsfsd, San Miguel, Cateel, Davao Oriental, Davao Region','49.00','49.00',0,'delivered','2025-10-22 15:15:56','2025-10-22 16:15:56','2025-10-24 14:15:56','2025-10-24 14:15:56','2025-10-22 14:15:56'),(111,400,101,'#888 E, Taleon St Brgy Santisima Cruz, Santa Cruz, Laguna','23, asdasdasda, Bayanan, City of Muntinlupa, NCR','49.00','49.00',0,'delivered','2025-11-20 15:15:56','2025-11-20 16:15:56','2025-11-23 14:15:56','2025-11-23 14:15:56','2025-11-20 14:15:56'),(112,401,101,'#888 E, Taleon St Brgy Santisima Cruz, Santa Cruz, Laguna','fsdfsdfsf, fsdfsdfsd, Pamplona Dos, City of Las Piñas, NCR','49.00','49.00',0,'delivered','2025-02-03 15:15:56','2025-02-03 16:15:56','2025-02-06 14:15:56','2025-02-06 14:15:56','2025-02-03 14:15:56'),(113,402,102,'#888 E, Taleon St Brgy Santisima Cruz, Santa Cruz, Laguna','fsfdsdfsdfd, fsdfsdsdfsfsd, San Miguel, Cateel, Davao Oriental, Davao Region','49.00','49.00',0,'delivered','2025-11-16 15:15:56','2025-11-16 16:15:56','2025-11-17 14:15:56','2025-11-19 14:15:56','2025-11-16 14:15:56'),(114,403,101,'#888 E, Taleon St Brgy Santisima Cruz, Santa Cruz, Laguna','fsdfsdfsdfsdf, fdsdfsdfsd, Maybula, Tulunan, Cotabato, SOCCSKSARGEN, 9403','49.00','49.00',0,'delivered','2025-03-12 15:15:56','2025-03-12 16:15:56','2025-03-15 14:15:56','2025-03-14 14:15:56','2025-03-12 14:15:56'),(115,404,101,'San Antonio Village P2, Linga, Pila, Laguna','12, fsdasdasd, Bangkas Heights, City of Davao, Davao Del Sur, Davao Region','49.00','49.00',0,'delivered','2025-06-02 15:15:56','2025-06-02 16:15:56','2025-06-04 14:15:56','2025-06-03 14:15:56','2025-06-02 14:15:56'),(116,405,103,'San Antonio Village P2, Linga, Pila, Laguna','fsdfsdfsf, fsdfsdfsd, Pamplona Dos, City of Las Piñas, NCR','49.00','49.00',0,'delivered','2025-08-06 15:15:56','2025-08-06 16:15:56','2025-08-07 14:15:56','2025-08-08 14:15:56','2025-08-06 14:15:56'),(117,406,103,'San Antonio Village P2, Linga, Pila, Laguna','fsfdsdfsdfd, fsdfsdsdfsfsd, San Miguel, Cateel, Davao Oriental, Davao Region','49.00','49.00',0,'delivered','2025-10-22 15:15:56','2025-10-22 16:15:56','2025-10-25 14:15:56','2025-10-23 14:15:56','2025-10-22 14:15:56'),(118,407,102,'San Antonio Village P2, Linga, Pila, Laguna','fsdfsdfsdfsdf, fdsdfsdfsd, Maybula, Tulunan, Cotabato, SOCCSKSARGEN, 9403','49.00','49.00',0,'delivered','2025-04-30 15:15:56','2025-04-30 16:15:56','2025-05-01 14:15:56','2025-05-03 14:15:56','2025-04-30 14:15:56'),(119,408,4,'Sto Angel Norte, San Francisco Subdivision, Sta Cruz, Laguna','12, fsdasdasd, Bangkas Heights, City of Davao, Davao Del Sur, Davao Region','49.00','49.00',0,'delivered','2025-04-19 15:15:56','2025-04-19 16:15:56','2025-04-21 14:15:56','2025-04-21 14:15:56','2025-04-19 14:15:56'),(120,409,100,'Sto Angel Norte, San Francisco Subdivision, Sta Cruz, Laguna','23, asdasdasda, Bayanan, City of Muntinlupa, NCR','49.00','49.00',0,'delivered','2025-08-01 15:15:56','2025-08-01 16:15:56','2025-08-04 14:15:56','2025-08-04 14:15:56','2025-08-01 14:15:56'),(121,410,103,'Sto Angel Norte, San Francisco Subdivision, Sta Cruz, Laguna','fsfdsdfsdfd, fsdfsdsdfsfsd, San Miguel, Cateel, Davao Oriental, Davao Region','49.00','49.00',0,'delivered','2025-02-08 15:15:56','2025-02-08 16:15:56','2025-02-09 14:15:56','2025-02-11 14:15:56','2025-02-08 14:15:56'),(122,411,102,'Sto Angel Norte, San Francisco Subdivision, Sta Cruz, Laguna','fsdfsdfsdfsdf, fdsdfsdfsd, Maybula, Tulunan, Cotabato, SOCCSKSARGEN, 9403','49.00','49.00',0,'delivered','2025-11-13 15:15:56','2025-11-13 16:15:56','2025-11-14 14:15:56','2025-11-16 14:15:56','2025-11-13 14:15:56'),(123,412,103,'Mabini Street, Brgy Poblacion, Magdalena, Laguna','12, fsdasdasd, Bangkas Heights, City of Davao, Davao Del Sur, Davao Region','49.00','49.00',0,'delivered','2025-02-07 15:15:56','2025-02-07 16:15:56','2025-02-10 14:15:56','2025-02-09 14:15:56','2025-02-07 14:15:56'),(124,413,4,'Mabini Street, Brgy Poblacion, Magdalena, Laguna','23, asdasdasda, Bayanan, City of Muntinlupa, NCR','49.00','49.00',0,'delivered','2024-12-27 15:15:56','2024-12-27 16:15:56','2024-12-29 14:15:56','2024-12-28 14:15:56','2024-12-27 14:15:56'),(125,414,100,'Mabini Street, Brgy Poblacion, Magdalena, Laguna','fsdfsdfsf, fsdfsdfsd, Pamplona Dos, City of Las Piñas, NCR','49.00','49.00',0,'delivered','2025-09-20 15:15:56','2025-09-20 16:15:56','2025-09-21 14:15:56','2025-09-22 14:15:56','2025-09-20 14:15:56'),(126,415,104,'Mabini Street, Brgy Poblacion, Magdalena, Laguna','fsdfsdfsdfsdf, fdsdfsdfsd, Maybula, Tulunan, Cotabato, SOCCSKSARGEN, 9403','49.00','49.00',0,'delivered','2025-09-18 15:15:56','2025-09-18 16:15:56','2025-09-20 14:15:56','2025-09-20 14:15:56','2025-09-18 14:15:56'),(127,416,104,'San Pablo Street, San Antonio, Kalayaan, Laguna','12, fsdasdasd, Bangkas Heights, City of Davao, Davao Del Sur, Davao Region','49.00','49.00',0,'delivered','2025-06-30 15:15:56','2025-06-30 16:15:56','2025-07-03 14:15:56','2025-07-02 14:15:56','2025-06-30 14:15:56'),(128,417,100,'San Pablo Street, San Antonio, Kalayaan, Laguna','23, asdasdasda, Bayanan, City of Muntinlupa, NCR','49.00','49.00',0,'delivered','2025-05-29 15:15:56','2025-05-29 16:15:56','2025-06-01 14:15:56','2025-05-31 14:15:56','2025-05-29 14:15:56'),(129,418,102,'San Pablo Street, San Antonio, Kalayaan, Laguna','fsdfsdfsf, fsdfsdfsd, Pamplona Dos, City of Las Piñas, NCR','49.00','49.00',0,'delivered','2025-08-21 15:15:56','2025-08-21 16:15:56','2025-08-22 14:15:56','2025-08-23 14:15:56','2025-08-21 14:15:56'),(130,419,103,'San Pablo Street, San Antonio, Kalayaan, Laguna','fsfdsdfsdfd, fsdfsdsdfsfsd, San Miguel, Cateel, Davao Oriental, Davao Region','49.00','49.00',0,'delivered','2025-01-18 15:15:56','2025-01-18 16:15:56','2025-01-21 14:15:56','2025-01-20 14:15:56','2025-01-18 14:15:56'),(131,420,101,'#888 E, Taleon St Brgy Santisima Cruz, Santa Cruz, Laguna','23, asdasdasda, Bayanan, City of Muntinlupa, NCR','49.00','49.00',0,'delivered','2025-05-30 15:15:56','2025-05-30 16:15:56','2025-05-31 14:15:56','2025-05-31 14:15:56','2025-05-30 14:15:56'),(132,421,101,'#888 E, Taleon St Brgy Santisima Cruz, Santa Cruz, Laguna','fsdfsdfsf, fsdfsdfsd, Pamplona Dos, City of Las Piñas, NCR','49.00','49.00',0,'delivered','2024-12-27 15:15:56','2024-12-27 16:15:56','2024-12-29 14:15:56','2024-12-29 14:15:56','2024-12-27 14:15:56'),(133,422,4,'#888 E, Taleon St Brgy Santisima Cruz, Santa Cruz, Laguna','fsfdsdfsdfd, fsdfsdsdfsfsd, San Miguel, Cateel, Davao Oriental, Davao Region','49.00','49.00',0,'delivered','2025-10-14 15:15:56','2025-10-14 16:15:56','2025-10-17 14:15:56','2025-10-17 14:15:56','2025-10-14 14:15:56'),(134,423,102,'#888 E, Taleon St Brgy Santisima Cruz, Santa Cruz, Laguna','fsdfsdfsdfsdf, fdsdfsdfsd, Maybula, Tulunan, Cotabato, SOCCSKSARGEN, 9403','49.00','49.00',0,'delivered','2025-01-19 15:15:56','2025-01-19 16:15:56','2025-01-20 14:15:56','2025-01-21 14:15:56','2025-01-19 14:15:56'),(135,424,103,'San Antonio Village P2, Linga, Pila, Laguna','12, fsdasdasd, Bangkas Heights, City of Davao, Davao Del Sur, Davao Region','49.00','49.00',0,'delivered','2024-12-25 15:15:56','2024-12-25 16:15:56','2024-12-28 14:15:56','2024-12-27 14:15:56','2024-12-25 14:15:56'),(136,425,101,'San Antonio Village P2, Linga, Pila, Laguna','fsdfsdfsf, fsdfsdfsd, Pamplona Dos, City of Las Piñas, NCR','49.00','49.00',0,'delivered','2025-11-02 15:15:56','2025-11-02 16:15:56','2025-11-03 14:15:56','2025-11-03 14:15:56','2025-11-02 14:15:56'),(137,426,102,'San Antonio Village P2, Linga, Pila, Laguna','fsfdsdfsdfd, fsdfsdsdfsfsd, San Miguel, Cateel, Davao Oriental, Davao Region','49.00','49.00',0,'delivered','2025-04-27 15:15:56','2025-04-27 16:15:56','2025-04-28 14:15:56','2025-04-30 14:15:56','2025-04-27 14:15:56'),(138,427,101,'San Antonio Village P2, Linga, Pila, Laguna','fsdfsdfsdfsdf, fdsdfsdfsd, Maybula, Tulunan, Cotabato, SOCCSKSARGEN, 9403','49.00','49.00',0,'delivered','2025-03-04 15:15:56','2025-03-04 16:15:56','2025-03-06 14:15:56','2025-03-07 14:15:56','2025-03-04 14:15:56'),(139,428,4,'Sto Angel Norte, San Francisco Subdivision, Sta Cruz, Laguna','12, fsdasdasd, Bangkas Heights, City of Davao, Davao Del Sur, Davao Region','49.00','49.00',0,'delivered','2024-12-26 15:15:56','2024-12-26 16:15:56','2024-12-29 14:15:56','2024-12-27 14:15:56','2024-12-26 14:15:56'),(140,429,104,'Sto Angel Norte, San Francisco Subdivision, Sta Cruz, Laguna','23, asdasdasda, Bayanan, City of Muntinlupa, NCR','49.00','49.00',0,'delivered','2025-06-28 15:15:56','2025-06-28 16:15:56','2025-06-30 14:15:56','2025-06-29 14:15:56','2025-06-28 14:15:56'),(141,430,102,'Sto Angel Norte, San Francisco Subdivision, Sta Cruz, Laguna','fsfdsdfsdfd, fsdfsdsdfsfsd, San Miguel, Cateel, Davao Oriental, Davao Region','49.00','49.00',0,'delivered','2025-07-28 15:15:56','2025-07-28 16:15:56','2025-07-31 14:15:56','2025-07-30 14:15:56','2025-07-28 14:15:56'),(142,431,104,'Sto Angel Norte, San Francisco Subdivision, Sta Cruz, Laguna','fsdfsdfsdfsdf, fdsdfsdfsd, Maybula, Tulunan, Cotabato, SOCCSKSARGEN, 9403','49.00','49.00',0,'delivered','2025-06-24 15:15:56','2025-06-24 16:15:56','2025-06-27 14:15:56','2025-06-25 14:15:56','2025-06-24 14:15:56'),(143,432,102,'Mabini Street, Brgy Poblacion, Magdalena, Laguna','12, fsdasdasd, Bangkas Heights, City of Davao, Davao Del Sur, Davao Region','49.00','49.00',0,'delivered','2025-10-01 15:15:56','2025-10-01 16:15:56','2025-10-03 14:15:56','2025-10-02 14:15:56','2025-10-01 14:15:56'),(144,433,100,'Mabini Street, Brgy Poblacion, Magdalena, Laguna','23, asdasdasda, Bayanan, City of Muntinlupa, NCR','49.00','49.00',0,'delivered','2025-05-26 15:15:56','2025-05-26 16:15:56','2025-05-27 14:15:56','2025-05-29 14:15:56','2025-05-26 14:15:56'),(145,434,100,'Mabini Street, Brgy Poblacion, Magdalena, Laguna','fsdfsdfsf, fsdfsdfsd, Pamplona Dos, City of Las Piñas, NCR','49.00','49.00',0,'delivered','2025-10-28 15:15:56','2025-10-28 16:15:56','2025-10-30 14:15:56','2025-10-30 14:15:56','2025-10-28 14:15:56'),(146,435,104,'Mabini Street, Brgy Poblacion, Magdalena, Laguna','fsdfsdfsdfsdf, fdsdfsdfsd, Maybula, Tulunan, Cotabato, SOCCSKSARGEN, 9403','49.00','49.00',0,'delivered','2025-01-02 15:15:56','2025-01-02 16:15:56','2025-01-04 14:15:56','2025-01-03 14:15:56','2025-01-02 14:15:56'),(147,436,103,'San Pablo Street, San Antonio, Kalayaan, Laguna','12, fsdasdasd, Bangkas Heights, City of Davao, Davao Del Sur, Davao Region','49.00','49.00',0,'delivered','2025-08-21 15:15:56','2025-08-21 16:15:56','2025-08-24 14:15:56','2025-08-24 14:15:56','2025-08-21 14:15:56'),(148,437,4,'San Pablo Street, San Antonio, Kalayaan, Laguna','23, asdasdasda, Bayanan, City of Muntinlupa, NCR','49.00','49.00',0,'delivered','2025-04-01 15:15:56','2025-04-01 16:15:56','2025-04-04 14:15:56','2025-04-04 14:15:56','2025-04-01 14:15:56'),(149,438,104,'San Pablo Street, San Antonio, Kalayaan, Laguna','fsdfsdfsf, fsdfsdfsd, Pamplona Dos, City of Las Piñas, NCR','49.00','49.00',0,'delivered','2025-06-01 15:15:56','2025-06-01 16:15:56','2025-06-03 14:15:56','2025-06-02 14:15:56','2025-06-01 14:15:56'),(150,439,101,'San Pablo Street, San Antonio, Kalayaan, Laguna','fsfdsdfsdfd, fsdfsdsdfsfsd, San Miguel, Cateel, Davao Oriental, Davao Region','49.00','49.00',0,'delivered','2025-05-30 15:15:56','2025-05-30 16:15:56','2025-06-01 14:15:56','2025-05-31 14:15:56','2025-05-30 14:15:56'),(151,440,101,'#888 E, Taleon St Brgy Santisima Cruz, Santa Cruz, Laguna','23, asdasdasda, Bayanan, City of Muntinlupa, NCR','49.00','49.00',0,'delivered','2025-11-21 15:15:56','2025-11-21 16:15:56','2025-11-22 14:15:56','2025-11-24 14:15:56','2025-11-21 14:15:56'),(152,441,103,'#888 E, Taleon St Brgy Santisima Cruz, Santa Cruz, Laguna','fsdfsdfsf, fsdfsdfsd, Pamplona Dos, City of Las Piñas, NCR','49.00','49.00',0,'delivered','2025-04-18 15:15:56','2025-04-18 16:15:56','2025-04-20 14:15:56','2025-04-19 14:15:56','2025-04-18 14:15:56'),(153,442,100,'#888 E, Taleon St Brgy Santisima Cruz, Santa Cruz, Laguna','fsfdsdfsdfd, fsdfsdsdfsfsd, San Miguel, Cateel, Davao Oriental, Davao Region','49.00','49.00',0,'delivered','2025-11-19 15:15:56','2025-11-19 16:15:56','2025-11-20 14:15:56','2025-11-21 14:15:56','2025-11-19 14:15:56'),(154,443,103,'#888 E, Taleon St Brgy Santisima Cruz, Santa Cruz, Laguna','fsdfsdfsdfsdf, fdsdfsdfsd, Maybula, Tulunan, Cotabato, SOCCSKSARGEN, 9403','49.00','49.00',0,'delivered','2025-08-16 15:15:56','2025-08-16 16:15:56','2025-08-18 14:15:56','2025-08-17 14:15:56','2025-08-16 14:15:56'),(155,444,102,'San Antonio Village P2, Linga, Pila, Laguna','12, fsdasdasd, Bangkas Heights, City of Davao, Davao Del Sur, Davao Region','49.00','49.00',0,'delivered','2025-07-19 15:15:56','2025-07-19 16:15:56','2025-07-22 14:15:56','2025-07-22 14:15:56','2025-07-19 14:15:56'),(156,445,101,'San Antonio Village P2, Linga, Pila, Laguna','fsdfsdfsf, fsdfsdfsd, Pamplona Dos, City of Las Piñas, NCR','49.00','49.00',0,'delivered','2024-12-11 15:15:56','2024-12-11 16:15:56','2024-12-12 14:15:56','2024-12-13 14:15:56','2024-12-11 14:15:56'),(157,446,104,'San Antonio Village P2, Linga, Pila, Laguna','fsfdsdfsdfd, fsdfsdsdfsfsd, San Miguel, Cateel, Davao Oriental, Davao Region','49.00','49.00',0,'delivered','2025-03-01 15:15:56','2025-03-01 16:15:56','2025-03-03 14:15:56','2025-03-04 14:15:56','2025-03-01 14:15:56'),(158,447,104,'San Antonio Village P2, Linga, Pila, Laguna','fsdfsdfsdfsdf, fdsdfsdfsd, Maybula, Tulunan, Cotabato, SOCCSKSARGEN, 9403','49.00','49.00',0,'delivered','2025-01-25 15:15:56','2025-01-25 16:15:56','2025-01-27 14:15:56','2025-01-28 14:15:56','2025-01-25 14:15:56'),(159,448,103,'Sto Angel Norte, San Francisco Subdivision, Sta Cruz, Laguna','12, fsdasdasd, Bangkas Heights, City of Davao, Davao Del Sur, Davao Region','49.00','49.00',0,'delivered','2024-12-05 15:15:56','2024-12-05 16:15:56','2024-12-06 14:15:56','2024-12-07 14:15:56','2024-12-05 14:15:56'),(160,449,103,'Sto Angel Norte, San Francisco Subdivision, Sta Cruz, Laguna','23, asdasdasda, Bayanan, City of Muntinlupa, NCR','49.00','49.00',0,'delivered','2025-07-10 15:15:56','2025-07-10 16:15:56','2025-07-12 14:15:56','2025-07-13 14:15:56','2025-07-10 14:15:56'),(161,450,102,'Sto Angel Norte, San Francisco Subdivision, Sta Cruz, Laguna','fsfdsdfsdfd, fsdfsdsdfsfsd, San Miguel, Cateel, Davao Oriental, Davao Region','49.00','49.00',0,'delivered','2025-11-27 15:15:56','2025-11-27 16:15:56','2025-11-29 14:15:56','2025-11-28 14:15:56','2025-11-27 14:15:56'),(162,451,4,'Sto Angel Norte, San Francisco Subdivision, Sta Cruz, Laguna','fsdfsdfsdfsdf, fdsdfsdfsd, Maybula, Tulunan, Cotabato, SOCCSKSARGEN, 9403','49.00','49.00',0,'delivered','2025-01-15 15:15:56','2025-01-15 16:15:56','2025-01-18 14:15:56','2025-01-17 14:15:56','2025-01-15 14:15:56'),(163,452,102,'Mabini Street, Brgy Poblacion, Magdalena, Laguna','12, fsdasdasd, Bangkas Heights, City of Davao, Davao Del Sur, Davao Region','49.00','49.00',0,'delivered','2025-07-28 15:15:56','2025-07-28 16:15:56','2025-07-31 14:15:56','2025-07-30 14:15:56','2025-07-28 14:15:56'),(164,453,104,'Mabini Street, Brgy Poblacion, Magdalena, Laguna','23, asdasdasda, Bayanan, City of Muntinlupa, NCR','49.00','49.00',0,'delivered','2025-10-24 15:15:56','2025-10-24 16:15:56','2025-10-26 14:15:56','2025-10-27 14:15:56','2025-10-24 14:15:56'),(165,454,102,'Mabini Street, Brgy Poblacion, Magdalena, Laguna','fsdfsdfsf, fsdfsdfsd, Pamplona Dos, City of Las Piñas, NCR','49.00','49.00',0,'delivered','2025-06-09 15:15:56','2025-06-09 16:15:56','2025-06-11 14:15:56','2025-06-11 14:15:56','2025-06-09 14:15:56'),(166,455,104,'Mabini Street, Brgy Poblacion, Magdalena, Laguna','fsdfsdfsdfsdf, fdsdfsdfsd, Maybula, Tulunan, Cotabato, SOCCSKSARGEN, 9403','49.00','49.00',0,'delivered','2025-10-30 15:15:56','2025-10-30 16:15:56','2025-11-01 14:15:56','2025-10-31 14:15:56','2025-10-30 14:15:56'),(167,456,102,'San Pablo Street, San Antonio, Kalayaan, Laguna','12, fsdasdasd, Bangkas Heights, City of Davao, Davao Del Sur, Davao Region','49.00','49.00',0,'delivered','2025-12-01 15:15:56','2025-12-01 16:15:56','2025-12-03 14:15:56','2025-12-02 14:15:56','2025-12-01 14:15:56'),(168,457,101,'San Pablo Street, San Antonio, Kalayaan, Laguna','23, asdasdasda, Bayanan, City of Muntinlupa, NCR','49.00','49.00',0,'delivered','2025-03-08 15:15:56','2025-03-08 16:15:56','2025-03-10 14:15:56','2025-03-09 14:15:56','2025-03-08 14:15:56'),(169,458,100,'San Pablo Street, San Antonio, Kalayaan, Laguna','fsdfsdfsf, fsdfsdfsd, Pamplona Dos, City of Las Piñas, NCR','49.00','49.00',0,'delivered','2025-03-29 15:15:56','2025-03-29 16:15:56','2025-03-31 14:15:56','2025-03-31 14:15:56','2025-03-29 14:15:56'),(170,459,101,'San Pablo Street, San Antonio, Kalayaan, Laguna','fsfdsdfsdfd, fsdfsdsdfsfsd, San Miguel, Cateel, Davao Oriental, Davao Region','49.00','49.00',0,'delivered','2025-09-24 15:15:56','2025-09-24 16:15:56','2025-09-27 14:15:56','2025-09-25 14:15:56','2025-09-24 14:15:56'),(171,460,104,'#888 E, Taleon St Brgy Santisima Cruz, Santa Cruz, Laguna','23, asdasdasda, Bayanan, City of Muntinlupa, NCR','49.00','49.00',0,'delivered','2025-01-05 15:15:56','2025-01-05 16:15:56','2025-01-06 14:15:56','2025-01-07 14:15:56','2025-01-05 14:15:56'),(172,461,100,'#888 E, Taleon St Brgy Santisima Cruz, Santa Cruz, Laguna','fsdfsdfsf, fsdfsdfsd, Pamplona Dos, City of Las Piñas, NCR','49.00','49.00',0,'delivered','2024-12-15 15:15:56','2024-12-15 16:15:56','2024-12-16 14:15:56','2024-12-16 14:15:56','2024-12-15 14:15:56'),(173,462,103,'#888 E, Taleon St Brgy Santisima Cruz, Santa Cruz, Laguna','fsfdsdfsdfd, fsdfsdsdfsfsd, San Miguel, Cateel, Davao Oriental, Davao Region','49.00','49.00',0,'delivered','2025-10-25 15:15:56','2025-10-25 16:15:56','2025-10-26 14:15:56','2025-10-27 14:15:56','2025-10-25 14:15:56'),(174,463,102,'#888 E, Taleon St Brgy Santisima Cruz, Santa Cruz, Laguna','fsdfsdfsdfsdf, fdsdfsdfsd, Maybula, Tulunan, Cotabato, SOCCSKSARGEN, 9403','49.00','49.00',0,'delivered','2025-04-21 15:15:56','2025-04-21 16:15:56','2025-04-24 14:15:56','2025-04-22 14:15:56','2025-04-21 14:15:56'),(175,464,104,'San Antonio Village P2, Linga, Pila, Laguna','12, fsdasdasd, Bangkas Heights, City of Davao, Davao Del Sur, Davao Region','49.00','49.00',0,'delivered','2025-02-23 15:15:56','2025-02-23 16:15:56','2025-02-24 14:15:56','2025-02-24 14:15:56','2025-02-23 14:15:56'),(176,465,104,'San Antonio Village P2, Linga, Pila, Laguna','fsdfsdfsf, fsdfsdfsd, Pamplona Dos, City of Las Piñas, NCR','49.00','49.00',0,'delivered','2025-11-26 15:15:56','2025-11-26 16:15:56','2025-11-28 14:15:56','2025-11-28 14:15:56','2025-11-26 14:15:56'),(177,466,104,'San Antonio Village P2, Linga, Pila, Laguna','fsfdsdfsdfd, fsdfsdsdfsfsd, San Miguel, Cateel, Davao Oriental, Davao Region','49.00','49.00',0,'delivered','2025-03-01 15:15:56','2025-03-01 16:15:56','2025-03-02 14:15:56','2025-03-03 14:15:56','2025-03-01 14:15:56'),(178,467,104,'San Antonio Village P2, Linga, Pila, Laguna','fsdfsdfsdfsdf, fdsdfsdfsd, Maybula, Tulunan, Cotabato, SOCCSKSARGEN, 9403','49.00','49.00',0,'delivered','2025-03-11 15:15:56','2025-03-11 16:15:56','2025-03-12 14:15:56','2025-03-14 14:15:56','2025-03-11 14:15:56'),(179,468,4,'Sto Angel Norte, San Francisco Subdivision, Sta Cruz, Laguna','12, fsdasdasd, Bangkas Heights, City of Davao, Davao Del Sur, Davao Region','49.00','49.00',0,'delivered','2025-07-17 15:15:56','2025-07-17 16:15:56','2025-07-20 14:15:56','2025-07-19 14:15:56','2025-07-17 14:15:56'),(180,469,100,'Sto Angel Norte, San Francisco Subdivision, Sta Cruz, Laguna','23, asdasdasda, Bayanan, City of Muntinlupa, NCR','49.00','49.00',0,'delivered','2025-03-19 15:15:56','2025-03-19 16:15:56','2025-03-20 14:15:56','2025-03-21 14:15:56','2025-03-19 14:15:56'),(181,470,100,'Sto Angel Norte, San Francisco Subdivision, Sta Cruz, Laguna','fsfdsdfsdfd, fsdfsdsdfsfsd, San Miguel, Cateel, Davao Oriental, Davao Region','49.00','49.00',0,'delivered','2025-07-11 15:15:56','2025-07-11 16:15:56','2025-07-13 14:15:56','2025-07-12 14:15:56','2025-07-11 14:15:56'),(182,471,101,'Sto Angel Norte, San Francisco Subdivision, Sta Cruz, Laguna','fsdfsdfsdfsdf, fdsdfsdfsd, Maybula, Tulunan, Cotabato, SOCCSKSARGEN, 9403','49.00','49.00',0,'delivered','2025-01-25 15:15:56','2025-01-25 16:15:56','2025-01-28 14:15:56','2025-01-26 14:15:56','2025-01-25 14:15:56'),(183,472,104,'Mabini Street, Brgy Poblacion, Magdalena, Laguna','12, fsdasdasd, Bangkas Heights, City of Davao, Davao Del Sur, Davao Region','49.00','49.00',0,'delivered','2025-11-04 15:15:56','2025-11-04 16:15:56','2025-11-05 14:15:56','2025-11-05 14:15:56','2025-11-04 14:15:56'),(184,473,100,'Mabini Street, Brgy Poblacion, Magdalena, Laguna','23, asdasdasda, Bayanan, City of Muntinlupa, NCR','49.00','49.00',0,'delivered','2025-02-03 15:15:56','2025-02-03 16:15:56','2025-02-04 14:15:56','2025-02-04 14:15:56','2025-02-03 14:15:56'),(185,474,103,'Mabini Street, Brgy Poblacion, Magdalena, Laguna','fsdfsdfsf, fsdfsdfsd, Pamplona Dos, City of Las Piñas, NCR','49.00','49.00',0,'delivered','2025-01-05 15:15:56','2025-01-05 16:15:56','2025-01-08 14:15:56','2025-01-06 14:15:56','2025-01-05 14:15:56'),(186,475,104,'Mabini Street, Brgy Poblacion, Magdalena, Laguna','fsdfsdfsdfsdf, fdsdfsdfsd, Maybula, Tulunan, Cotabato, SOCCSKSARGEN, 9403','49.00','49.00',0,'delivered','2025-11-15 15:15:56','2025-11-15 16:15:56','2025-11-16 14:15:56','2025-11-18 14:15:56','2025-11-15 14:15:56'),(187,476,102,'San Pablo Street, San Antonio, Kalayaan, Laguna','12, fsdasdasd, Bangkas Heights, City of Davao, Davao Del Sur, Davao Region','49.00','49.00',0,'delivered','2025-05-28 15:15:56','2025-05-28 16:15:56','2025-05-31 14:15:56','2025-05-31 14:15:56','2025-05-28 14:15:56'),(188,477,100,'San Pablo Street, San Antonio, Kalayaan, Laguna','23, asdasdasda, Bayanan, City of Muntinlupa, NCR','49.00','49.00',0,'delivered','2025-06-25 15:15:56','2025-06-25 16:15:56','2025-06-26 14:15:56','2025-06-26 14:15:56','2025-06-25 14:15:56'),(189,478,4,'San Pablo Street, San Antonio, Kalayaan, Laguna','fsdfsdfsf, fsdfsdfsd, Pamplona Dos, City of Las Piñas, NCR','49.00','49.00',0,'delivered','2025-04-12 15:15:56','2025-04-12 16:15:56','2025-04-14 14:15:56','2025-04-15 14:15:56','2025-04-12 14:15:56'),(190,479,100,'San Pablo Street, San Antonio, Kalayaan, Laguna','fsfdsdfsdfd, fsdfsdsdfsfsd, San Miguel, Cateel, Davao Oriental, Davao Region','49.00','49.00',0,'delivered','2025-01-14 15:15:56','2025-01-14 16:15:56','2025-01-16 14:15:56','2025-01-16 14:15:56','2025-01-14 14:15:56'),(191,480,102,'#888 E, Taleon St Brgy Santisima Cruz, Santa Cruz, Laguna','23, asdasdasda, Bayanan, City of Muntinlupa, NCR','49.00','49.00',0,'delivered','2025-06-04 15:15:56','2025-06-04 16:15:56','2025-06-06 14:15:56','2025-06-06 14:15:56','2025-06-04 14:15:56'),(192,481,100,'#888 E, Taleon St Brgy Santisima Cruz, Santa Cruz, Laguna','fsdfsdfsf, fsdfsdfsd, Pamplona Dos, City of Las Piñas, NCR','49.00','49.00',0,'delivered','2025-02-02 15:15:56','2025-02-02 16:15:56','2025-02-04 14:15:56','2025-02-05 14:15:56','2025-02-02 14:15:56'),(193,482,104,'#888 E, Taleon St Brgy Santisima Cruz, Santa Cruz, Laguna','fsfdsdfsdfd, fsdfsdsdfsfsd, San Miguel, Cateel, Davao Oriental, Davao Region','49.00','49.00',0,'delivered','2025-04-05 15:15:56','2025-04-05 16:15:56','2025-04-07 14:15:56','2025-04-06 14:15:56','2025-04-05 14:15:56'),(194,483,101,'#888 E, Taleon St Brgy Santisima Cruz, Santa Cruz, Laguna','fsdfsdfsdfsdf, fdsdfsdfsd, Maybula, Tulunan, Cotabato, SOCCSKSARGEN, 9403','49.00','49.00',0,'delivered','2025-02-11 15:15:56','2025-02-11 16:15:56','2025-02-13 14:15:56','2025-02-13 14:15:56','2025-02-11 14:15:56'),(195,484,102,'San Antonio Village P2, Linga, Pila, Laguna','12, fsdasdasd, Bangkas Heights, City of Davao, Davao Del Sur, Davao Region','49.00','49.00',0,'delivered','2025-11-12 15:15:56','2025-11-12 16:15:56','2025-11-13 14:15:56','2025-11-13 14:15:56','2025-11-12 14:15:56'),(196,485,101,'San Antonio Village P2, Linga, Pila, Laguna','fsdfsdfsf, fsdfsdfsd, Pamplona Dos, City of Las Piñas, NCR','49.00','49.00',0,'delivered','2025-01-27 15:15:56','2025-01-27 16:15:56','2025-01-29 14:15:56','2025-01-30 14:15:56','2025-01-27 14:15:56'),(197,486,104,'San Antonio Village P2, Linga, Pila, Laguna','fsfdsdfsdfd, fsdfsdsdfsfsd, San Miguel, Cateel, Davao Oriental, Davao Region','49.00','49.00',0,'delivered','2025-11-08 15:15:56','2025-11-08 16:15:56','2025-11-10 14:15:56','2025-11-10 14:15:56','2025-11-08 14:15:56'),(198,487,104,'San Antonio Village P2, Linga, Pila, Laguna','fsdfsdfsdfsdf, fdsdfsdfsd, Maybula, Tulunan, Cotabato, SOCCSKSARGEN, 9403','49.00','49.00',0,'delivered','2025-02-14 15:15:56','2025-02-14 16:15:56','2025-02-17 14:15:56','2025-02-17 14:15:56','2025-02-14 14:15:56'),(199,488,104,'Sto Angel Norte, San Francisco Subdivision, Sta Cruz, Laguna','12, fsdasdasd, Bangkas Heights, City of Davao, Davao Del Sur, Davao Region','49.00','49.00',0,'delivered','2025-02-21 15:15:56','2025-02-21 16:15:56','2025-02-23 14:15:56','2025-02-22 14:15:56','2025-02-21 14:15:56'),(200,489,102,'Sto Angel Norte, San Francisco Subdivision, Sta Cruz, Laguna','23, asdasdasda, Bayanan, City of Muntinlupa, NCR','49.00','49.00',0,'delivered','2025-06-01 15:15:56','2025-06-01 16:15:56','2025-06-02 14:15:56','2025-06-04 14:15:56','2025-06-01 14:15:56'),(201,490,103,'Sto Angel Norte, San Francisco Subdivision, Sta Cruz, Laguna','fsfdsdfsdfd, fsdfsdsdfsfsd, San Miguel, Cateel, Davao Oriental, Davao Region','49.00','49.00',0,'delivered','2025-09-27 15:15:56','2025-09-27 16:15:56','2025-09-29 14:15:56','2025-09-30 14:15:56','2025-09-27 14:15:56'),(202,491,100,'Sto Angel Norte, San Francisco Subdivision, Sta Cruz, Laguna','fsdfsdfsdfsdf, fdsdfsdfsd, Maybula, Tulunan, Cotabato, SOCCSKSARGEN, 9403','49.00','49.00',0,'delivered','2025-07-11 15:15:56','2025-07-11 16:15:56','2025-07-13 14:15:56','2025-07-14 14:15:56','2025-07-11 14:15:56'),(203,492,102,'Mabini Street, Brgy Poblacion, Magdalena, Laguna','12, fsdasdasd, Bangkas Heights, City of Davao, Davao Del Sur, Davao Region','49.00','49.00',0,'delivered','2025-07-01 15:15:56','2025-07-01 16:15:56','2025-07-03 14:15:56','2025-07-03 14:15:56','2025-07-01 14:15:56'),(204,493,100,'Mabini Street, Brgy Poblacion, Magdalena, Laguna','23, asdasdasda, Bayanan, City of Muntinlupa, NCR','49.00','49.00',0,'delivered','2024-12-27 15:15:56','2024-12-27 16:15:56','2024-12-28 14:15:56','2024-12-28 14:15:56','2024-12-27 14:15:56'),(205,494,103,'Mabini Street, Brgy Poblacion, Magdalena, Laguna','fsdfsdfsf, fsdfsdfsd, Pamplona Dos, City of Las Piñas, NCR','49.00','49.00',0,'delivered','2025-07-14 15:15:56','2025-07-14 16:15:56','2025-07-17 14:15:56','2025-07-15 14:15:56','2025-07-14 14:15:56'),(206,495,100,'Mabini Street, Brgy Poblacion, Magdalena, Laguna','fsdfsdfsdfsdf, fdsdfsdfsd, Maybula, Tulunan, Cotabato, SOCCSKSARGEN, 9403','49.00','49.00',0,'delivered','2025-10-15 15:15:56','2025-10-15 16:15:56','2025-10-17 14:15:56','2025-10-18 14:15:56','2025-10-15 14:15:56'),(207,496,102,'San Pablo Street, San Antonio, Kalayaan, Laguna','12, fsdasdasd, Bangkas Heights, City of Davao, Davao Del Sur, Davao Region','49.00','49.00',0,'delivered','2025-05-31 15:15:56','2025-05-31 16:15:56','2025-06-01 14:15:56','2025-06-01 14:15:56','2025-05-31 14:15:56'),(208,497,104,'San Pablo Street, San Antonio, Kalayaan, Laguna','23, asdasdasda, Bayanan, City of Muntinlupa, NCR','49.00','49.00',0,'delivered','2025-10-16 15:15:56','2025-10-16 16:15:56','2025-10-17 14:15:56','2025-10-17 14:15:56','2025-10-16 14:15:56'),(209,498,103,'San Pablo Street, San Antonio, Kalayaan, Laguna','fsdfsdfsf, fsdfsdfsd, Pamplona Dos, City of Las Piñas, NCR','49.00','49.00',0,'delivered','2025-10-16 15:15:56','2025-10-16 16:15:56','2025-10-17 14:15:56','2025-10-19 14:15:56','2025-10-16 14:15:56'),(210,499,104,'San Pablo Street, San Antonio, Kalayaan, Laguna','fsfdsdfsdfd, fsdfsdsdfsfsd, San Miguel, Cateel, Davao Oriental, Davao Region','49.00','49.00',0,'delivered','2025-08-29 15:15:56','2025-08-29 16:15:56','2025-08-30 14:15:56','2025-08-30 14:15:56','2025-08-29 14:15:56'),(211,500,101,'#888 E, Taleon St Brgy Santisima Cruz, Santa Cruz, Laguna','23, asdasdasda, Bayanan, City of Muntinlupa, NCR','49.00','49.00',0,'delivered','2025-01-05 15:15:56','2025-01-05 16:15:56','2025-01-06 14:15:56','2025-01-07 14:15:56','2025-01-05 14:15:56'),(212,501,101,'#888 E, Taleon St Brgy Santisima Cruz, Santa Cruz, Laguna','fsdfsdfsf, fsdfsdfsd, Pamplona Dos, City of Las Piñas, NCR','49.00','49.00',0,'delivered','2025-03-03 15:15:56','2025-03-03 16:15:56','2025-03-04 14:15:56','2025-03-06 14:15:56','2025-03-03 14:15:56'),(213,502,102,'#888 E, Taleon St Brgy Santisima Cruz, Santa Cruz, Laguna','fsfdsdfsdfd, fsdfsdsdfsfsd, San Miguel, Cateel, Davao Oriental, Davao Region','49.00','49.00',0,'delivered','2025-11-21 15:15:56','2025-11-21 16:15:56','2025-11-24 14:15:56','2025-11-24 14:15:56','2025-11-21 14:15:56'),(214,503,102,'#888 E, Taleon St Brgy Santisima Cruz, Santa Cruz, Laguna','fsdfsdfsdfsdf, fdsdfsdfsd, Maybula, Tulunan, Cotabato, SOCCSKSARGEN, 9403','49.00','49.00',0,'delivered','2025-01-08 15:15:56','2025-01-08 16:15:56','2025-01-10 14:15:56','2025-01-09 14:15:56','2025-01-08 14:15:56'),(215,504,101,'San Antonio Village P2, Linga, Pila, Laguna','12, fsdasdasd, Bangkas Heights, City of Davao, Davao Del Sur, Davao Region','49.00','49.00',0,'delivered','2025-07-08 15:15:56','2025-07-08 16:15:56','2025-07-11 14:15:56','2025-07-10 14:15:56','2025-07-08 14:15:56'),(216,505,103,'San Antonio Village P2, Linga, Pila, Laguna','fsdfsdfsf, fsdfsdfsd, Pamplona Dos, City of Las Piñas, NCR','49.00','49.00',0,'delivered','2025-08-10 15:15:56','2025-08-10 16:15:56','2025-08-11 14:15:56','2025-08-13 14:15:56','2025-08-10 14:15:56'),(217,506,4,'San Antonio Village P2, Linga, Pila, Laguna','fsfdsdfsdfd, fsdfsdsdfsfsd, San Miguel, Cateel, Davao Oriental, Davao Region','49.00','49.00',0,'delivered','2025-07-27 15:15:56','2025-07-27 16:15:56','2025-07-29 14:15:56','2025-07-30 14:15:56','2025-07-27 14:15:56'),(218,507,102,'San Antonio Village P2, Linga, Pila, Laguna','fsdfsdfsdfsdf, fdsdfsdfsd, Maybula, Tulunan, Cotabato, SOCCSKSARGEN, 9403','49.00','49.00',0,'delivered','2025-02-06 15:15:56','2025-02-06 16:15:56','2025-02-09 14:15:56','2025-02-09 14:15:56','2025-02-06 14:15:56'),(219,508,100,'Sto Angel Norte, San Francisco Subdivision, Sta Cruz, Laguna','12, fsdasdasd, Bangkas Heights, City of Davao, Davao Del Sur, Davao Region','49.00','49.00',0,'delivered','2025-11-19 15:15:56','2025-11-19 16:15:56','2025-11-20 14:15:56','2025-11-20 14:15:56','2025-11-19 14:15:56'),(220,509,100,'Sto Angel Norte, San Francisco Subdivision, Sta Cruz, Laguna','23, asdasdasda, Bayanan, City of Muntinlupa, NCR','49.00','49.00',0,'delivered','2025-03-12 15:15:56','2025-03-12 16:15:56','2025-03-14 14:15:56','2025-03-13 14:15:56','2025-03-12 14:15:56'),(221,510,100,'Sto Angel Norte, San Francisco Subdivision, Sta Cruz, Laguna','fsfdsdfsdfd, fsdfsdsdfsfsd, San Miguel, Cateel, Davao Oriental, Davao Region','49.00','49.00',0,'delivered','2025-05-26 15:15:56','2025-05-26 16:15:56','2025-05-27 14:15:56','2025-05-28 14:15:56','2025-05-26 14:15:56'),(222,511,4,'Sto Angel Norte, San Francisco Subdivision, Sta Cruz, Laguna','fsdfsdfsdfsdf, fdsdfsdfsd, Maybula, Tulunan, Cotabato, SOCCSKSARGEN, 9403','49.00','49.00',0,'delivered','2025-07-03 15:15:56','2025-07-03 16:15:56','2025-07-04 14:15:56','2025-07-04 14:15:56','2025-07-03 14:15:56'),(223,512,103,'Mabini Street, Brgy Poblacion, Magdalena, Laguna','12, fsdasdasd, Bangkas Heights, City of Davao, Davao Del Sur, Davao Region','49.00','49.00',0,'delivered','2025-05-24 15:15:56','2025-05-24 16:15:56','2025-05-25 14:15:56','2025-05-26 14:15:56','2025-05-24 14:15:56'),(224,513,100,'Mabini Street, Brgy Poblacion, Magdalena, Laguna','23, asdasdasda, Bayanan, City of Muntinlupa, NCR','49.00','49.00',0,'delivered','2025-07-16 15:15:56','2025-07-16 16:15:56','2025-07-17 14:15:56','2025-07-19 14:15:56','2025-07-16 14:15:56'),(225,514,103,'Mabini Street, Brgy Poblacion, Magdalena, Laguna','fsdfsdfsf, fsdfsdfsd, Pamplona Dos, City of Las Piñas, NCR','49.00','49.00',0,'delivered','2025-08-04 15:15:56','2025-08-04 16:15:56','2025-08-05 14:15:56','2025-08-05 14:15:56','2025-08-04 14:15:56'),(226,515,4,'Mabini Street, Brgy Poblacion, Magdalena, Laguna','fsdfsdfsdfsdf, fdsdfsdfsd, Maybula, Tulunan, Cotabato, SOCCSKSARGEN, 9403','49.00','49.00',0,'delivered','2025-06-06 15:15:56','2025-06-06 16:15:56','2025-06-07 14:15:56','2025-06-07 14:15:56','2025-06-06 14:15:56'),(227,516,102,'San Pablo Street, San Antonio, Kalayaan, Laguna','12, fsdasdasd, Bangkas Heights, City of Davao, Davao Del Sur, Davao Region','49.00','49.00',0,'delivered','2025-06-12 15:15:56','2025-06-12 16:15:56','2025-06-14 14:15:56','2025-06-13 14:15:56','2025-06-12 14:15:56'),(228,517,4,'San Pablo Street, San Antonio, Kalayaan, Laguna','23, asdasdasda, Bayanan, City of Muntinlupa, NCR','49.00','49.00',0,'delivered','2025-01-12 15:15:56','2025-01-12 16:15:56','2025-01-15 14:15:56','2025-01-15 14:15:56','2025-01-12 14:15:56'),(229,518,102,'San Pablo Street, San Antonio, Kalayaan, Laguna','fsdfsdfsf, fsdfsdfsd, Pamplona Dos, City of Las Piñas, NCR','49.00','49.00',0,'delivered','2025-11-24 15:15:56','2025-11-24 16:15:56','2025-11-25 14:15:56','2025-11-26 14:15:56','2025-11-24 14:15:56'),(230,519,100,'San Pablo Street, San Antonio, Kalayaan, Laguna','fsfdsdfsdfd, fsdfsdsdfsfsd, San Miguel, Cateel, Davao Oriental, Davao Region','49.00','49.00',0,'delivered','2025-06-22 15:15:56','2025-06-22 16:15:56','2025-06-24 14:15:56','2025-06-24 14:15:56','2025-06-22 14:15:56'),(231,520,100,'#888 E, Taleon St Brgy Santisima Cruz, Santa Cruz, Laguna','23, asdasdasda, Bayanan, City of Muntinlupa, NCR','49.00','49.00',0,'delivered','2025-10-02 15:15:56','2025-10-02 16:15:56','2025-10-04 14:15:56','2025-10-04 14:15:56','2025-10-02 14:15:56'),(232,521,100,'#888 E, Taleon St Brgy Santisima Cruz, Santa Cruz, Laguna','fsdfsdfsf, fsdfsdfsd, Pamplona Dos, City of Las Piñas, NCR','49.00','49.00',0,'delivered','2025-06-07 15:15:56','2025-06-07 16:15:56','2025-06-09 14:15:56','2025-06-08 14:15:56','2025-06-07 14:15:56'),(233,522,103,'#888 E, Taleon St Brgy Santisima Cruz, Santa Cruz, Laguna','fsfdsdfsdfd, fsdfsdsdfsfsd, San Miguel, Cateel, Davao Oriental, Davao Region','49.00','49.00',0,'delivered','2024-12-25 15:15:56','2024-12-25 16:15:56','2024-12-28 14:15:56','2024-12-26 14:15:56','2024-12-25 14:15:56'),(234,523,101,'#888 E, Taleon St Brgy Santisima Cruz, Santa Cruz, Laguna','fsdfsdfsdfsdf, fdsdfsdfsd, Maybula, Tulunan, Cotabato, SOCCSKSARGEN, 9403','49.00','49.00',0,'delivered','2025-09-10 15:15:56','2025-09-10 16:15:56','2025-09-11 14:15:56','2025-09-12 14:15:56','2025-09-10 14:15:56'),(235,524,103,'San Antonio Village P2, Linga, Pila, Laguna','12, fsdasdasd, Bangkas Heights, City of Davao, Davao Del Sur, Davao Region','49.00','49.00',0,'delivered','2025-08-07 15:15:56','2025-08-07 16:15:56','2025-08-09 14:15:56','2025-08-08 14:15:56','2025-08-07 14:15:56'),(236,525,103,'San Antonio Village P2, Linga, Pila, Laguna','fsdfsdfsf, fsdfsdfsd, Pamplona Dos, City of Las Piñas, NCR','49.00','49.00',0,'delivered','2025-01-01 15:15:56','2025-01-01 16:15:56','2025-01-03 14:15:56','2025-01-02 14:15:56','2025-01-01 14:15:56'),(237,526,104,'San Antonio Village P2, Linga, Pila, Laguna','fsfdsdfsdfd, fsdfsdsdfsfsd, San Miguel, Cateel, Davao Oriental, Davao Region','49.00','49.00',0,'delivered','2025-04-16 15:15:56','2025-04-16 16:15:56','2025-04-19 14:15:56','2025-04-19 14:15:56','2025-04-16 14:15:56'),(238,527,104,'San Antonio Village P2, Linga, Pila, Laguna','fsdfsdfsdfsdf, fdsdfsdfsd, Maybula, Tulunan, Cotabato, SOCCSKSARGEN, 9403','49.00','49.00',0,'delivered','2025-07-10 15:15:56','2025-07-10 16:15:56','2025-07-11 14:15:56','2025-07-12 14:15:56','2025-07-10 14:15:56'),(239,528,103,'Sto Angel Norte, San Francisco Subdivision, Sta Cruz, Laguna','12, fsdasdasd, Bangkas Heights, City of Davao, Davao Del Sur, Davao Region','49.00','49.00',0,'delivered','2025-10-29 15:15:56','2025-10-29 16:15:56','2025-10-31 14:15:56','2025-10-31 14:15:56','2025-10-29 14:15:56'),(240,529,100,'Sto Angel Norte, San Francisco Subdivision, Sta Cruz, Laguna','23, asdasdasda, Bayanan, City of Muntinlupa, NCR','49.00','49.00',0,'delivered','2025-08-26 15:15:56','2025-08-26 16:15:56','2025-08-29 14:15:56','2025-08-29 14:15:56','2025-08-26 14:15:56'),(241,530,102,'Sto Angel Norte, San Francisco Subdivision, Sta Cruz, Laguna','fsfdsdfsdfd, fsdfsdsdfsfsd, San Miguel, Cateel, Davao Oriental, Davao Region','49.00','49.00',0,'delivered','2025-11-09 15:15:56','2025-11-09 16:15:56','2025-11-12 14:15:56','2025-11-11 14:15:56','2025-11-09 14:15:56'),(242,531,103,'Sto Angel Norte, San Francisco Subdivision, Sta Cruz, Laguna','fsdfsdfsdfsdf, fdsdfsdfsd, Maybula, Tulunan, Cotabato, SOCCSKSARGEN, 9403','49.00','49.00',0,'delivered','2025-05-31 15:15:56','2025-05-31 16:15:56','2025-06-03 14:15:56','2025-06-01 14:15:56','2025-05-31 14:15:56'),(243,532,104,'Mabini Street, Brgy Poblacion, Magdalena, Laguna','12, fsdasdasd, Bangkas Heights, City of Davao, Davao Del Sur, Davao Region','49.00','49.00',0,'delivered','2025-07-31 15:15:56','2025-07-31 16:15:56','2025-08-02 14:15:56','2025-08-02 14:15:56','2025-07-31 14:15:56'),(244,533,102,'Mabini Street, Brgy Poblacion, Magdalena, Laguna','23, asdasdasda, Bayanan, City of Muntinlupa, NCR','49.00','49.00',0,'delivered','2025-09-27 15:15:56','2025-09-27 16:15:56','2025-09-29 14:15:56','2025-09-28 14:15:56','2025-09-27 14:15:56'),(245,534,103,'Mabini Street, Brgy Poblacion, Magdalena, Laguna','fsdfsdfsf, fsdfsdfsd, Pamplona Dos, City of Las Piñas, NCR','49.00','49.00',0,'delivered','2025-01-11 15:15:56','2025-01-11 16:15:56','2025-01-14 14:15:56','2025-01-14 14:15:56','2025-01-11 14:15:56'),(246,535,104,'Mabini Street, Brgy Poblacion, Magdalena, Laguna','fsdfsdfsdfsdf, fdsdfsdfsd, Maybula, Tulunan, Cotabato, SOCCSKSARGEN, 9403','49.00','49.00',0,'delivered','2025-01-08 15:15:56','2025-01-08 16:15:56','2025-01-10 14:15:56','2025-01-11 14:15:56','2025-01-08 14:15:56'),(247,536,101,'San Pablo Street, San Antonio, Kalayaan, Laguna','12, fsdasdasd, Bangkas Heights, City of Davao, Davao Del Sur, Davao Region','49.00','49.00',0,'delivered','2025-02-05 15:15:56','2025-02-05 16:15:56','2025-02-08 14:15:56','2025-02-08 14:15:56','2025-02-05 14:15:56'),(248,537,100,'San Pablo Street, San Antonio, Kalayaan, Laguna','23, asdasdasda, Bayanan, City of Muntinlupa, NCR','49.00','49.00',0,'delivered','2025-07-05 15:15:56','2025-07-05 16:15:56','2025-07-06 14:15:56','2025-07-07 14:15:56','2025-07-05 14:15:56'),(249,538,104,'San Pablo Street, San Antonio, Kalayaan, Laguna','fsdfsdfsf, fsdfsdfsd, Pamplona Dos, City of Las Piñas, NCR','49.00','49.00',0,'delivered','2025-04-30 15:15:56','2025-04-30 16:15:56','2025-05-01 14:15:56','2025-05-02 14:15:56','2025-04-30 14:15:56'),(250,539,100,'San Pablo Street, San Antonio, Kalayaan, Laguna','fsfdsdfsdfd, fsdfsdsdfsfsd, San Miguel, Cateel, Davao Oriental, Davao Region','49.00','49.00',0,'delivered','2025-03-11 15:15:56','2025-03-11 16:15:56','2025-03-13 14:15:56','2025-03-14 14:15:56','2025-03-11 14:15:56');

/*Table structure for table `favorites` */

DROP TABLE IF EXISTS `favorites`;

CREATE TABLE `favorites` (
  `favorite_id` int(11) NOT NULL AUTO_INCREMENT,
  `buyer_id` int(11) NOT NULL,
  `product_id` int(11) NOT NULL,
  `added_at` timestamp NOT NULL DEFAULT current_timestamp(),
  PRIMARY KEY (`favorite_id`),
  UNIQUE KEY `unique_favorite` (`buyer_id`,`product_id`),
  KEY `product_id` (`product_id`),
  KEY `idx_buyer_id` (`buyer_id`),
  CONSTRAINT `favorites_ibfk_1` FOREIGN KEY (`buyer_id`) REFERENCES `buyers` (`buyer_id`) ON DELETE CASCADE,
  CONSTRAINT `favorites_ibfk_2` FOREIGN KEY (`product_id`) REFERENCES `products` (`product_id`) ON DELETE CASCADE
) ENGINE=InnoDB AUTO_INCREMENT=2 DEFAULT CHARSET=utf8mb4 COLLATE=utf8mb4_general_ci;

/*Data for the table `favorites` */

/*Table structure for table `messages` */

DROP TABLE IF EXISTS `messages`;

CREATE TABLE `messages` (
  `message_id` int(11) NOT NULL AUTO_INCREMENT,
  `conversation_id` int(11) NOT NULL,
  `sender_id` int(11) NOT NULL,
  `sender_type` enum('buyer','seller','rider') NOT NULL,
  `message_text` text NOT NULL,
  `is_read` tinyint(1) DEFAULT 0,
  `created_at` timestamp NOT NULL DEFAULT current_timestamp(),
  PRIMARY KEY (`message_id`),
  KEY `sender_id` (`sender_id`),
  KEY `idx_conversation_id` (`conversation_id`),
  KEY `idx_is_read` (`is_read`),
  CONSTRAINT `messages_ibfk_1` FOREIGN KEY (`conversation_id`) REFERENCES `conversations` (`conversation_id`) ON DELETE CASCADE
) ENGINE=InnoDB AUTO_INCREMENT=14 DEFAULT CHARSET=utf8mb4 COLLATE=utf8mb4_general_ci;

/*Data for the table `messages` */

insert  into `messages`(`message_id`,`conversation_id`,`sender_id`,`sender_type`,`message_text`,`is_read`,`created_at`) values (2,2,8,'buyer','hey',1,'2025-11-14 13:38:39'),(3,2,8,'buyer','hehey',1,'2025-11-14 13:38:55'),(4,2,8,'buyer','helos',1,'2025-11-14 13:42:19'),(5,2,8,'buyer','whta thesad',1,'2025-11-14 13:43:54'),(6,2,8,'buyer','bye byeeee',1,'2025-11-14 13:46:27'),(7,2,8,'buyer','helooo',1,'2025-11-14 15:04:30'),(8,2,7,'seller','taasdasdasd',1,'2025-11-19 13:09:45'),(9,2,8,'buyer','gigigigagag',1,'2025-11-19 13:10:17'),(10,3,21,'rider','Hi! I\'m your rider for Order #VEL-2025-0003 from Justine Mark Gahi\'s Shop. I\'ll keep you updated on your delivery.',0,'2025-11-19 13:12:04'),(11,3,8,'buyer','heys',1,'2025-11-19 13:12:20'),(12,2,7,'seller','bas',1,'2025-11-19 13:16:36'),(13,2,8,'buyer','beybe',1,'2025-11-26 12:57:30');

/*Table structure for table `notifications` */

DROP TABLE IF EXISTS `notifications`;

CREATE TABLE `notifications` (
  `notification_id` int(11) NOT NULL AUTO_INCREMENT,
  `user_id` int(11) NOT NULL,
  `title` varchar(255) NOT NULL,
  `message` text NOT NULL,
  `notification_type` enum('order','delivery','product','message','system') NOT NULL,
  `is_read` tinyint(1) DEFAULT 0,
  `created_at` timestamp NOT NULL DEFAULT current_timestamp(),
  `updated_at` timestamp NOT NULL DEFAULT current_timestamp() ON UPDATE current_timestamp(),
  `order_id` int(11) DEFAULT NULL,
  `product_names` text DEFAULT NULL,
  `product_images` text DEFAULT NULL,
  `order_total` decimal(10,2) DEFAULT NULL,
  `formatted_date` varchar(100) DEFAULT NULL,
  PRIMARY KEY (`notification_id`),
  KEY `idx_user_id` (`user_id`),
  KEY `idx_is_read` (`is_read`),
  KEY `idx_created_at` (`created_at`),
  KEY `idx_user_read` (`user_id`,`is_read`),
  KEY `idx_user_type` (`user_id`,`notification_type`),
  KEY `idx_order_id` (`order_id`),
  CONSTRAINT `notifications_ibfk_1` FOREIGN KEY (`user_id`) REFERENCES `users` (`user_id`) ON DELETE CASCADE,
  CONSTRAINT `notifications_ibfk_2` FOREIGN KEY (`order_id`) REFERENCES `orders` (`order_id`) ON DELETE SET NULL
) ENGINE=InnoDB AUTO_INCREMENT=18 DEFAULT CHARSET=utf8mb4 COLLATE=utf8mb4_general_ci;

/*Data for the table `notifications` */

insert  into `notifications`(`notification_id`,`user_id`,`title`,`message`,`notification_type`,`is_read`,`created_at`,`updated_at`,`order_id`,`product_names`,`product_images`,`order_total`,`formatted_date`) values (4,20,'Order Shipped','Your order #VEL-2025-0003 is now on its way! Expected delivery in 2-3 business days.','delivery',1,'2025-05-27 14:15:56','2025-12-01 15:33:12',3,'[\"Blouson Top\"]','[\"static/uploads/products/20251116_135910_0_ATTF-WS142_V2.avif\"]','449.00','November 22, 2025 at 10:54 AM'),(5,20,'Order Delivered','Your order #VEL-2025-0003 has been delivered successfully!','delivery',1,'2025-05-27 14:15:56','2025-12-01 15:33:12',3,'[\"Blouson Top\"]','[\"static/uploads/products/20251116_135910_0_ATTF-WS142_V2.avif\"]','449.00','November 22, 2025 at 10:56 AM'),(9,20,'Order Delivered','Your order #VEL-2025-0004 has been delivered successfully!','delivery',1,'2025-08-07 14:15:56','2025-08-07 14:15:56',5,'[\"Blouson Top\"]','[\"static/uploads/products/20251116_135910_0_ATTF-WS142_V2.avif\"]','549.00','November 23, 2025 at 05:31 AM'),(13,19,'⛔ Account Suspended','Your account has been suspended for 2 weeks. Reason: dasdasd. You will not be able to access your account during this period. Please review our terms of service and community guidelines.','',0,'2025-11-29 18:09:23','2025-11-29 18:09:23',NULL,NULL,NULL,NULL,'November 29, 2025 at 06:09 PM'),(14,19,'⛔ Account Suspended','Your account has been suspended for 2 weeks. Reason: asdasd. You will not be able to access your account during this period. Please review our terms of service and community guidelines.','',0,'2025-11-29 18:20:56','2025-11-29 18:20:56',NULL,NULL,NULL,NULL,'November 29, 2025 at 06:20 PM'),(15,19,'⛔ Account Suspended','Your account has been suspended for 2 weeks. Reason: asdasdasd. You will not be able to access your account during this period. Please review our terms of service and community guidelines.','',0,'2025-11-29 18:23:33','2025-11-29 18:23:33',NULL,NULL,NULL,NULL,'November 29, 2025 at 06:23 PM'),(16,19,'⚠️ You Have Been Reported','You have been reported for \"fraud\". Please review our community guidelines to avoid further reports. Total reports: 1. Please review our terms of service and ensure you follow community guidelines.','',0,'2025-11-30 20:20:18','2025-11-30 20:20:18',NULL,NULL,NULL,NULL,'November 30, 2025 at 08:20 PM'),(17,19,'⚠️ You Have Been Reported','You have been reported for \"fraud\". Please review our community guidelines to avoid further reports. Total reports: 1. Please review our terms of service and ensure you follow community guidelines.','',0,'2025-11-30 20:26:58','2025-11-30 20:26:58',NULL,NULL,NULL,NULL,'November 30, 2025 at 08:26 PM');

/*Table structure for table `order_items` */

DROP TABLE IF EXISTS `order_items`;

CREATE TABLE `order_items` (
  `order_item_id` int(11) NOT NULL AUTO_INCREMENT,
  `order_id` int(11) NOT NULL,
  `product_id` int(11) NOT NULL,
  `product_name` varchar(255) NOT NULL,
  `materials` text DEFAULT NULL,
  `variant_color` varchar(50) DEFAULT NULL,
  `variant_size` varchar(20) DEFAULT NULL,
  `quantity` int(11) NOT NULL,
  `unit_price` decimal(10,2) NOT NULL,
  `subtotal` decimal(10,2) NOT NULL,
  `created_at` timestamp NOT NULL DEFAULT current_timestamp(),
  PRIMARY KEY (`order_item_id`),
  KEY `idx_order_id` (`order_id`),
  KEY `idx_product_id` (`product_id`),
  CONSTRAINT `order_items_ibfk_1` FOREIGN KEY (`order_id`) REFERENCES `orders` (`order_id`) ON DELETE CASCADE,
  CONSTRAINT `order_items_ibfk_2` FOREIGN KEY (`product_id`) REFERENCES `products` (`product_id`)
) ENGINE=InnoDB AUTO_INCREMENT=255 DEFAULT CHARSET=utf8mb4 COLLATE=utf8mb4_general_ci;

/*Data for the table `order_items` */

insert  into `order_items`(`order_item_id`,`order_id`,`product_id`,`product_name`,`materials`,`variant_color`,`variant_size`,`quantity`,`unit_price`,`subtotal`,`created_at`) values (1,1,42,'Blouson Top','100% cotton\r\n\r\nMade in Italy\r\n\r\nHand wash\r\n\r\nFront button closure\r\n\r\nAsymmetrical hem and button cuffs\r\n\r\nHeavyweight denim fabric with front logo detailing\r\n','Gallery','L',5,'3423435.00','17117175.00','2025-02-27 14:15:56'),(2,1,41,'Summer Overshirt','•	100% cotton\r\n•	Hand wash\r\n•	Front button closures\r\n•	Buttoned cuffs\r\n•	Poplin fabric with crochet embroidered detail\r\n•	Made in China\r\n•	Our Style No. HLSA-WS189\r\n•	Manufacturer Style No. HES10008 U25\r\n•	Model is wearing size XS. [View detailed measurements of this item.]\r\n','Bon Jour','S',5,'500.00','2500.00','2025-02-27 14:15:56'),(5,3,42,'Blouson Top','100% cotton\r\n\r\nMade in Italy\r\n\r\nHand wash\r\n\r\nFront button closure\r\n\r\nAsymmetrical hem and button cuffs\r\n\r\nHeavyweight denim fabric with front logo detailing\r\n','Gallery','S',1,'3423435.00','3423435.00','2025-05-26 14:15:56'),(6,5,42,'Blouson Top','potek','Gallery','XS',1,'3423435.00','3423435.00','2025-08-06 14:15:56'),(7,6,42,'Blouson Top','potek','Gallery','S',2,'3423435.00','6846870.00','2025-11-14 14:15:56'),(10,9,42,'Blouson Top','potek','Gallery','XS',99,'3423435.00','99999999.99','2025-08-24 14:15:56'),(11,200,100,'The Ascension Maxi Dress',NULL,NULL,NULL,1,'12500.00','12500.00','2025-09-14 14:15:56'),(12,200,105,'Velare Pencil Skirt',NULL,NULL,NULL,1,'5500.00','5500.00','2025-09-14 14:15:56'),(13,201,104,'Muse Structure Dress',NULL,NULL,NULL,1,'9800.00','9800.00','2025-08-27 14:15:56'),(14,201,109,'Urban Cork Mini',NULL,NULL,NULL,1,'4500.00','4500.00','2025-08-27 14:15:56'),(15,300,100,'The Ascension Maxi Dress',NULL,NULL,NULL,1,'12500.00','12500.00','2025-03-31 14:15:56'),(16,301,100,'The Ascension Maxi Dress',NULL,NULL,NULL,1,'12500.00','12500.00','2025-05-06 14:15:56'),(17,302,100,'The Ascension Maxi Dress',NULL,NULL,NULL,1,'12500.00','12500.00','2025-01-25 14:15:56'),(18,303,100,'The Ascension Maxi Dress',NULL,NULL,NULL,1,'12500.00','12500.00','2025-05-20 14:15:56'),(19,304,101,'Gaia Wrap Gown',NULL,NULL,NULL,1,'14200.00','14200.00','2025-10-18 14:15:56'),(20,305,101,'Gaia Wrap Gown',NULL,NULL,NULL,1,'14200.00','14200.00','2025-11-29 14:15:56'),(21,306,101,'Gaia Wrap Gown',NULL,NULL,NULL,1,'14200.00','14200.00','2025-04-04 14:15:56'),(22,307,101,'Gaia Wrap Gown',NULL,NULL,NULL,1,'14200.00','14200.00','2025-08-16 14:15:56'),(23,308,102,'Seta Evening Slip',NULL,NULL,NULL,1,'8500.00','8500.00','2025-06-09 14:15:56'),(24,309,102,'Seta Evening Slip',NULL,NULL,NULL,1,'8500.00','8500.00','2025-05-26 14:15:56'),(25,310,102,'Seta Evening Slip',NULL,NULL,NULL,1,'8500.00','8500.00','2025-10-04 14:15:56'),(26,311,102,'Seta Evening Slip',NULL,NULL,NULL,1,'8500.00','8500.00','2025-09-06 14:15:56'),(27,312,103,'Ethereal Garden Midi',NULL,NULL,NULL,1,'11000.00','11000.00','2025-03-20 14:15:56'),(28,313,103,'Ethereal Garden Midi',NULL,NULL,NULL,1,'11000.00','11000.00','2025-02-12 14:15:56'),(29,314,103,'Ethereal Garden Midi',NULL,NULL,NULL,1,'11000.00','11000.00','2025-01-07 14:15:56'),(30,315,103,'Ethereal Garden Midi',NULL,NULL,NULL,1,'11000.00','11000.00','2025-10-29 14:15:56'),(31,316,104,'Muse Structure Dress',NULL,NULL,NULL,1,'9800.00','9800.00','2025-02-27 14:15:56'),(32,317,104,'Muse Structure Dress',NULL,NULL,NULL,1,'9800.00','9800.00','2025-05-23 14:15:56'),(33,318,104,'Muse Structure Dress',NULL,NULL,NULL,1,'9800.00','9800.00','2025-07-24 14:15:56'),(34,319,104,'Muse Structure Dress',NULL,NULL,NULL,1,'9800.00','9800.00','2025-09-16 14:15:56'),(35,320,105,'Velare Pencil Skirt',NULL,NULL,NULL,1,'5500.00','5500.00','2024-12-13 14:15:56'),(36,321,105,'Velare Pencil Skirt',NULL,NULL,NULL,1,'5500.00','5500.00','2025-09-13 14:15:56'),(37,322,105,'Velare Pencil Skirt',NULL,NULL,NULL,1,'5500.00','5500.00','2025-09-25 14:15:56'),(38,323,105,'Velare Pencil Skirt',NULL,NULL,NULL,1,'5500.00','5500.00','2025-08-26 14:15:56'),(39,324,106,'Boheme Tiered Skirt',NULL,NULL,NULL,1,'6200.00','6200.00','2025-02-19 14:15:56'),(40,325,106,'Boheme Tiered Skirt',NULL,NULL,NULL,1,'6200.00','6200.00','2025-10-22 14:15:56'),(41,326,106,'Boheme Tiered Skirt',NULL,NULL,NULL,1,'6200.00','6200.00','2025-09-18 14:15:56'),(42,327,106,'Boheme Tiered Skirt',NULL,NULL,NULL,1,'6200.00','6200.00','2025-03-25 14:15:56'),(43,328,107,'Stone Wash Midi',NULL,NULL,NULL,1,'4800.00','4800.00','2025-02-02 14:15:56'),(44,329,107,'Stone Wash Midi',NULL,NULL,NULL,1,'4800.00','4800.00','2025-11-02 14:15:56'),(45,330,107,'Stone Wash Midi',NULL,NULL,NULL,1,'4800.00','4800.00','2025-01-02 14:15:56'),(46,331,107,'Stone Wash Midi',NULL,NULL,NULL,1,'4800.00','4800.00','2025-08-02 14:15:56'),(47,332,108,'Silk Breeze Wrap',NULL,NULL,NULL,1,'7500.00','7500.00','2024-12-29 14:15:56'),(48,333,108,'Silk Breeze Wrap',NULL,NULL,NULL,1,'7500.00','7500.00','2025-04-18 14:15:56'),(49,334,108,'Silk Breeze Wrap',NULL,NULL,NULL,1,'7500.00','7500.00','2025-07-31 14:15:56'),(50,335,108,'Silk Breeze Wrap',NULL,NULL,NULL,1,'7500.00','7500.00','2025-02-03 14:15:56'),(51,336,109,'Urban Cork Mini',NULL,NULL,NULL,1,'4500.00','4500.00','2025-10-20 14:15:56'),(52,337,109,'Urban Cork Mini',NULL,NULL,NULL,1,'4500.00','4500.00','2025-10-25 14:15:56'),(53,338,109,'Urban Cork Mini',NULL,NULL,NULL,1,'4500.00','4500.00','2025-10-02 14:15:56'),(54,339,109,'Urban Cork Mini',NULL,NULL,NULL,1,'4500.00','4500.00','2025-05-27 14:15:56'),(55,340,110,'Luxe Knit Tank',NULL,NULL,NULL,1,'2500.00','2500.00','2025-10-30 14:15:56'),(56,341,110,'Luxe Knit Tank',NULL,NULL,NULL,1,'2500.00','2500.00','2025-01-10 14:15:56'),(57,342,110,'Luxe Knit Tank',NULL,NULL,NULL,1,'2500.00','2500.00','2025-09-20 14:15:56'),(58,343,110,'Luxe Knit Tank',NULL,NULL,NULL,1,'2500.00','2500.00','2025-08-08 14:15:56'),(59,344,111,'Gaia Asymmetric Top',NULL,NULL,NULL,1,'3200.00','3200.00','2024-12-07 14:15:56'),(60,345,111,'Gaia Asymmetric Top',NULL,NULL,NULL,1,'3200.00','3200.00','2024-12-11 14:15:56'),(61,346,111,'Gaia Asymmetric Top',NULL,NULL,NULL,1,'3200.00','3200.00','2025-01-01 14:15:56'),(62,347,111,'Gaia Asymmetric Top',NULL,NULL,NULL,1,'3200.00','3200.00','2025-04-04 14:15:56'),(63,348,112,'Seta Cami',NULL,NULL,NULL,1,'2800.00','2800.00','2025-05-14 14:15:56'),(64,349,112,'Seta Cami',NULL,NULL,NULL,1,'2800.00','2800.00','2025-02-18 14:15:56'),(65,350,112,'Seta Cami',NULL,NULL,NULL,1,'2800.00','2800.00','2025-08-27 14:15:56'),(66,351,112,'Seta Cami',NULL,NULL,NULL,1,'2800.00','2800.00','2024-12-15 14:15:56'),(67,352,113,'Structure Crop',NULL,NULL,NULL,1,'3500.00','3500.00','2025-11-23 14:15:56'),(68,353,113,'Structure Crop',NULL,NULL,NULL,1,'3500.00','3500.00','2025-09-07 14:15:56'),(69,354,113,'Structure Crop',NULL,NULL,NULL,1,'3500.00','3500.00','2025-10-27 14:15:56'),(70,355,113,'Structure Crop',NULL,NULL,NULL,1,'3500.00','3500.00','2025-02-18 14:15:56'),(71,356,114,'Modern Tunic',NULL,NULL,NULL,1,'4200.00','4200.00','2025-04-15 14:15:56'),(72,357,114,'Modern Tunic',NULL,NULL,NULL,1,'4200.00','4200.00','2025-02-11 14:15:56'),(73,358,114,'Modern Tunic',NULL,NULL,NULL,1,'4200.00','4200.00','2025-10-15 14:15:56'),(74,359,114,'Modern Tunic',NULL,NULL,NULL,1,'4200.00','4200.00','2025-09-08 14:15:56'),(75,360,115,'Velare Silk Blouse',NULL,NULL,NULL,1,'8900.00','8900.00','2025-02-22 14:15:56'),(76,361,115,'Velare Silk Blouse',NULL,NULL,NULL,1,'8900.00','8900.00','2025-09-30 14:15:56'),(77,362,115,'Velare Silk Blouse',NULL,NULL,NULL,1,'8900.00','8900.00','2025-05-22 14:15:56'),(78,363,115,'Velare Silk Blouse',NULL,NULL,NULL,1,'8900.00','8900.00','2025-10-09 14:15:56'),(79,364,116,'Ascension Billow Blouse',NULL,NULL,NULL,1,'7800.00','7800.00','2025-10-14 14:15:56'),(80,365,116,'Ascension Billow Blouse',NULL,NULL,NULL,1,'7800.00','7800.00','2025-09-10 14:15:56'),(81,366,116,'Ascension Billow Blouse',NULL,NULL,NULL,1,'7800.00','7800.00','2025-03-09 14:15:56'),(82,367,116,'Ascension Billow Blouse',NULL,NULL,NULL,1,'7800.00','7800.00','2024-12-05 14:15:56'),(83,368,117,'Sheer Panel Blouse',NULL,NULL,NULL,1,'6500.00','6500.00','2025-03-03 14:15:56'),(84,369,117,'Sheer Panel Blouse',NULL,NULL,NULL,1,'6500.00','6500.00','2025-02-21 14:15:56'),(85,370,117,'Sheer Panel Blouse',NULL,NULL,NULL,1,'6500.00','6500.00','2025-04-12 14:15:56'),(86,371,117,'Sheer Panel Blouse',NULL,NULL,NULL,1,'6500.00','6500.00','2025-01-21 14:15:56'),(87,372,118,'Embroidered Peasant Blouse',NULL,NULL,NULL,1,'5600.00','5600.00','2025-07-13 14:15:56'),(88,373,118,'Embroidered Peasant Blouse',NULL,NULL,NULL,1,'5600.00','5600.00','2025-07-22 14:15:56'),(89,374,118,'Embroidered Peasant Blouse',NULL,NULL,NULL,1,'5600.00','5600.00','2025-04-11 14:15:56'),(90,375,118,'Embroidered Peasant Blouse',NULL,NULL,NULL,1,'5600.00','5600.00','2025-10-15 14:15:56'),(91,376,119,'Structured Collar Shirt',NULL,NULL,NULL,1,'6200.00','6200.00','2025-03-14 14:15:56'),(92,377,119,'Structured Collar Shirt',NULL,NULL,NULL,1,'6200.00','6200.00','2025-09-18 14:15:56'),(93,378,119,'Structured Collar Shirt',NULL,NULL,NULL,1,'6200.00','6200.00','2025-01-19 14:15:56'),(94,379,119,'Structured Collar Shirt',NULL,NULL,NULL,1,'6200.00','6200.00','2025-03-13 14:15:56'),(95,380,120,'Velocity Performance Top',NULL,NULL,NULL,1,'3500.00','3500.00','2025-11-29 14:15:56'),(96,381,120,'Velocity Performance Top',NULL,NULL,NULL,1,'3500.00','3500.00','2025-01-16 14:15:56'),(97,382,120,'Velocity Performance Top',NULL,NULL,NULL,1,'3500.00','3500.00','2025-07-27 14:15:56'),(98,383,120,'Velocity Performance Top',NULL,NULL,NULL,1,'3500.00','3500.00','2025-10-19 14:15:56'),(99,384,121,'Gaia Sport Bra',NULL,NULL,NULL,1,'2800.00','2800.00','2025-05-15 14:15:56'),(100,385,121,'Gaia Sport Bra',NULL,NULL,NULL,1,'2800.00','2800.00','2025-07-11 14:15:56'),(101,386,121,'Gaia Sport Bra',NULL,NULL,NULL,1,'2800.00','2800.00','2025-08-09 14:15:56'),(102,387,121,'Gaia Sport Bra',NULL,NULL,NULL,1,'2800.00','2800.00','2025-07-10 14:15:56'),(103,388,122,'Core Control Tank',NULL,NULL,NULL,1,'2200.00','2200.00','2025-11-20 14:15:56'),(104,389,122,'Core Control Tank',NULL,NULL,NULL,1,'2200.00','2200.00','2024-12-13 14:15:56'),(105,390,122,'Core Control Tank',NULL,NULL,NULL,1,'2200.00','2200.00','2025-03-01 14:15:56'),(106,391,122,'Core Control Tank',NULL,NULL,NULL,1,'2200.00','2200.00','2025-01-21 14:15:56'),(107,392,123,'Sprint Windbreaker',NULL,NULL,NULL,1,'5500.00','5500.00','2025-11-15 14:15:56'),(108,393,123,'Sprint Windbreaker',NULL,NULL,NULL,1,'5500.00','5500.00','2025-04-11 14:15:56'),(109,394,123,'Sprint Windbreaker',NULL,NULL,NULL,1,'5500.00','5500.00','2025-11-05 14:15:56'),(110,395,123,'Sprint Windbreaker',NULL,NULL,NULL,1,'5500.00','5500.00','2025-06-26 14:15:56'),(111,396,124,'Flow Crop',NULL,NULL,NULL,1,'2100.00','2100.00','2024-12-18 14:15:56'),(112,397,124,'Flow Crop',NULL,NULL,NULL,1,'2100.00','2100.00','2025-06-11 14:15:56'),(113,398,124,'Flow Crop',NULL,NULL,NULL,1,'2100.00','2100.00','2025-05-31 14:15:56'),(114,399,124,'Flow Crop',NULL,NULL,NULL,1,'2100.00','2100.00','2025-10-22 14:15:56'),(115,400,125,'Zen Alignment Leggings',NULL,NULL,NULL,1,'4200.00','4200.00','2025-11-20 14:15:56'),(116,401,125,'Zen Alignment Leggings',NULL,NULL,NULL,1,'4200.00','4200.00','2025-02-03 14:15:56'),(117,402,125,'Zen Alignment Leggings',NULL,NULL,NULL,1,'4200.00','4200.00','2025-11-16 14:15:56'),(118,403,125,'Zen Alignment Leggings',NULL,NULL,NULL,1,'4200.00','4200.00','2025-03-12 14:15:56'),(119,404,126,'Earth Flow Pants',NULL,NULL,NULL,1,'3800.00','3800.00','2025-06-02 14:15:56'),(120,405,126,'Earth Flow Pants',NULL,NULL,NULL,1,'3800.00','3800.00','2025-08-06 14:15:56'),(121,406,126,'Earth Flow Pants',NULL,NULL,NULL,1,'3800.00','3800.00','2025-10-22 14:15:56'),(122,407,126,'Earth Flow Pants',NULL,NULL,NULL,1,'3800.00','3800.00','2025-04-30 14:15:56'),(123,408,127,'Seta Sculpt Leggings',NULL,NULL,NULL,1,'4500.00','4500.00','2025-04-19 14:15:56'),(124,409,127,'Seta Sculpt Leggings',NULL,NULL,NULL,1,'4500.00','4500.00','2025-08-01 14:15:56'),(125,410,127,'Seta Sculpt Leggings',NULL,NULL,NULL,1,'4500.00','4500.00','2025-02-08 14:15:56'),(126,411,127,'Seta Sculpt Leggings',NULL,NULL,NULL,1,'4500.00','4500.00','2025-11-13 14:15:56'),(127,412,128,'Breathe Easy Joggers',NULL,NULL,NULL,1,'3200.00','3200.00','2025-02-07 14:15:56'),(128,413,128,'Breathe Easy Joggers',NULL,NULL,NULL,1,'3200.00','3200.00','2024-12-27 14:15:56'),(129,414,128,'Breathe Easy Joggers',NULL,NULL,NULL,1,'3200.00','3200.00','2025-09-20 14:15:56'),(130,415,128,'Breathe Easy Joggers',NULL,NULL,NULL,1,'3200.00','3200.00','2025-09-18 14:15:56'),(131,416,129,'Flare Yoga Bottoms',NULL,NULL,NULL,1,'3600.00','3600.00','2025-06-30 14:15:56'),(132,417,129,'Flare Yoga Bottoms',NULL,NULL,NULL,1,'3600.00','3600.00','2025-05-29 14:15:56'),(133,418,129,'Flare Yoga Bottoms',NULL,NULL,NULL,1,'3600.00','3600.00','2025-08-21 14:15:56'),(134,419,129,'Flare Yoga Bottoms',NULL,NULL,NULL,1,'3600.00','3600.00','2025-01-18 14:15:56'),(135,420,130,'Velare Lace Bralette',NULL,NULL,NULL,1,'2500.00','2500.00','2025-05-30 14:15:56'),(136,421,130,'Velare Lace Bralette',NULL,NULL,NULL,1,'2500.00','2500.00','2024-12-27 14:15:56'),(137,422,130,'Velare Lace Bralette',NULL,NULL,NULL,1,'2500.00','2500.00','2025-10-14 14:15:56'),(138,423,130,'Velare Lace Bralette',NULL,NULL,NULL,1,'2500.00','2500.00','2025-01-19 14:15:56'),(139,424,131,'Gaia Silk Briefs',NULL,NULL,NULL,1,'2200.00','2200.00','2024-12-25 14:15:56'),(140,425,131,'Gaia Silk Briefs',NULL,NULL,NULL,1,'2200.00','2200.00','2025-11-02 14:15:56'),(141,426,131,'Gaia Silk Briefs',NULL,NULL,NULL,1,'2200.00','2200.00','2025-04-27 14:15:56'),(142,427,131,'Gaia Silk Briefs',NULL,NULL,NULL,1,'2200.00','2200.00','2025-03-04 14:15:56'),(143,428,132,'Midnight Bodysuit',NULL,NULL,NULL,1,'3800.00','3800.00','2024-12-26 14:15:56'),(144,429,132,'Midnight Bodysuit',NULL,NULL,NULL,1,'3800.00','3800.00','2025-06-28 14:15:56'),(145,430,132,'Midnight Bodysuit',NULL,NULL,NULL,1,'3800.00','3800.00','2025-07-28 14:15:56'),(146,431,132,'Midnight Bodysuit',NULL,NULL,NULL,1,'3800.00','3800.00','2025-06-24 14:15:56'),(147,432,133,'Ethereal Robe',NULL,NULL,NULL,1,'4500.00','4500.00','2025-10-01 14:15:56'),(148,433,133,'Ethereal Robe',NULL,NULL,NULL,1,'4500.00','4500.00','2025-05-26 14:15:56'),(149,434,133,'Ethereal Robe',NULL,NULL,NULL,1,'4500.00','4500.00','2025-10-28 14:15:56'),(150,435,133,'Ethereal Robe',NULL,NULL,NULL,1,'4500.00','4500.00','2025-01-02 14:15:56'),(151,436,134,'Muse Corset',NULL,NULL,NULL,1,'5200.00','5200.00','2025-08-21 14:15:56'),(152,437,134,'Muse Corset',NULL,NULL,NULL,1,'5200.00','5200.00','2025-04-01 14:15:56'),(153,438,134,'Muse Corset',NULL,NULL,NULL,1,'5200.00','5200.00','2025-06-01 14:15:56'),(154,439,134,'Muse Corset',NULL,NULL,NULL,1,'5200.00','5200.00','2025-05-30 14:15:56'),(155,440,135,'Dreamstate Pajama Set',NULL,NULL,NULL,1,'5800.00','5800.00','2025-11-21 14:15:56'),(156,441,135,'Dreamstate Pajama Set',NULL,NULL,NULL,1,'5800.00','5800.00','2025-04-18 14:15:56'),(157,442,135,'Dreamstate Pajama Set',NULL,NULL,NULL,1,'5800.00','5800.00','2025-11-19 14:15:56'),(158,443,135,'Dreamstate Pajama Set',NULL,NULL,NULL,1,'5800.00','5800.00','2025-08-16 14:15:56'),(159,444,136,'Gaia Nightgown',NULL,NULL,NULL,1,'4200.00','4200.00','2025-07-19 14:15:56'),(160,445,136,'Gaia Nightgown',NULL,NULL,NULL,1,'4200.00','4200.00','2024-12-11 14:15:56'),(161,446,136,'Gaia Nightgown',NULL,NULL,NULL,1,'4200.00','4200.00','2025-03-01 14:15:56'),(162,447,136,'Gaia Nightgown',NULL,NULL,NULL,1,'4200.00','4200.00','2025-01-25 14:15:56'),(163,448,137,'Seta Silk Sleep Mask',NULL,NULL,NULL,1,'1500.00','1500.00','2024-12-05 14:15:56'),(164,449,137,'Seta Silk Sleep Mask',NULL,NULL,NULL,1,'1500.00','1500.00','2025-07-10 14:15:56'),(165,450,137,'Seta Silk Sleep Mask',NULL,NULL,NULL,1,'1500.00','1500.00','2025-11-27 14:15:56'),(166,451,137,'Seta Silk Sleep Mask',NULL,NULL,NULL,1,'1500.00','1500.00','2025-01-15 14:15:56'),(167,452,138,'Lounge Slip',NULL,NULL,NULL,1,'3500.00','3500.00','2025-07-28 14:15:56'),(168,453,138,'Lounge Slip',NULL,NULL,NULL,1,'3500.00','3500.00','2025-10-24 14:15:56'),(169,454,138,'Lounge Slip',NULL,NULL,NULL,1,'3500.00','3500.00','2025-06-09 14:15:56'),(170,455,138,'Lounge Slip',NULL,NULL,NULL,1,'3500.00','3500.00','2025-10-30 14:15:56'),(171,456,139,'Modern Kimono',NULL,NULL,NULL,1,'6500.00','6500.00','2025-12-01 14:15:56'),(172,457,139,'Modern Kimono',NULL,NULL,NULL,1,'6500.00','6500.00','2025-03-08 14:15:56'),(173,458,139,'Modern Kimono',NULL,NULL,NULL,1,'6500.00','6500.00','2025-03-29 14:15:56'),(174,459,139,'Modern Kimono',NULL,NULL,NULL,1,'6500.00','6500.00','2025-09-24 14:15:56'),(175,460,140,'Velare Blazer',NULL,NULL,NULL,1,'12500.00','12500.00','2025-01-05 14:15:56'),(176,461,140,'Velare Blazer',NULL,NULL,NULL,1,'12500.00','12500.00','2024-12-15 14:15:56'),(177,462,140,'Velare Blazer',NULL,NULL,NULL,1,'12500.00','12500.00','2025-10-25 14:15:56'),(178,463,140,'Velare Blazer',NULL,NULL,NULL,1,'12500.00','12500.00','2025-04-21 14:15:56'),(179,464,141,'Gaia Bomber',NULL,NULL,NULL,1,'8500.00','8500.00','2025-02-23 14:15:56'),(180,465,141,'Gaia Bomber',NULL,NULL,NULL,1,'8500.00','8500.00','2025-11-26 14:15:56'),(181,466,141,'Gaia Bomber',NULL,NULL,NULL,1,'8500.00','8500.00','2025-03-01 14:15:56'),(182,467,141,'Gaia Bomber',NULL,NULL,NULL,1,'8500.00','8500.00','2025-03-11 14:15:56'),(183,468,142,'Seta Denim Jacket',NULL,NULL,NULL,1,'7200.00','7200.00','2025-07-17 14:15:56'),(184,469,142,'Seta Denim Jacket',NULL,NULL,NULL,1,'7200.00','7200.00','2025-03-19 14:15:56'),(185,470,142,'Seta Denim Jacket',NULL,NULL,NULL,1,'7200.00','7200.00','2025-07-11 14:15:56'),(186,471,142,'Seta Denim Jacket',NULL,NULL,NULL,1,'7200.00','7200.00','2025-01-25 14:15:56'),(187,472,143,'Utility Field Jacket',NULL,NULL,NULL,1,'9500.00','9500.00','2025-11-04 14:15:56'),(188,473,143,'Utility Field Jacket',NULL,NULL,NULL,1,'9500.00','9500.00','2025-02-03 14:15:56'),(189,474,143,'Utility Field Jacket',NULL,NULL,NULL,1,'9500.00','9500.00','2025-01-05 14:15:56'),(190,475,143,'Utility Field Jacket',NULL,NULL,NULL,1,'9500.00','9500.00','2025-11-15 14:15:56'),(191,476,144,'Vegan Leather Moto',NULL,NULL,NULL,1,'14500.00','14500.00','2025-05-28 14:15:56'),(192,477,144,'Vegan Leather Moto',NULL,NULL,NULL,1,'14500.00','14500.00','2025-06-25 14:15:56'),(193,478,144,'Vegan Leather Moto',NULL,NULL,NULL,1,'14500.00','14500.00','2025-04-12 14:15:56'),(194,479,144,'Vegan Leather Moto',NULL,NULL,NULL,1,'14500.00','14500.00','2025-01-14 14:15:56'),(195,480,145,'The trench',NULL,NULL,NULL,1,'15500.00','15500.00','2025-06-04 14:15:56'),(196,481,145,'The trench',NULL,NULL,NULL,1,'15500.00','15500.00','2025-02-02 14:15:56'),(197,482,145,'The trench',NULL,NULL,NULL,1,'15500.00','15500.00','2025-04-05 14:15:56'),(198,483,145,'The trench',NULL,NULL,NULL,1,'15500.00','15500.00','2025-02-11 14:15:56'),(199,484,146,'Gaia Wool Coat',NULL,NULL,NULL,1,'18000.00','18000.00','2025-11-12 14:15:56'),(200,485,146,'Gaia Wool Coat',NULL,NULL,NULL,1,'18000.00','18000.00','2025-01-27 14:15:56'),(201,486,146,'Gaia Wool Coat',NULL,NULL,NULL,1,'18000.00','18000.00','2025-11-08 14:15:56'),(202,487,146,'Gaia Wool Coat',NULL,NULL,NULL,1,'18000.00','18000.00','2025-02-14 14:15:56'),(203,488,147,'Seta Rain Mac',NULL,NULL,NULL,1,'11200.00','11200.00','2025-02-21 14:15:56'),(204,489,147,'Seta Rain Mac',NULL,NULL,NULL,1,'11200.00','11200.00','2025-06-01 14:15:56'),(205,490,147,'Seta Rain Mac',NULL,NULL,NULL,1,'11200.00','11200.00','2025-09-27 14:15:56'),(206,491,147,'Seta Rain Mac',NULL,NULL,NULL,1,'11200.00','11200.00','2025-07-11 14:15:56'),(207,492,148,'Cape Coat',NULL,NULL,NULL,1,'16500.00','16500.00','2025-07-01 14:15:56'),(208,493,148,'Cape Coat',NULL,NULL,NULL,1,'16500.00','16500.00','2024-12-27 14:15:56'),(209,494,148,'Cape Coat',NULL,NULL,NULL,1,'16500.00','16500.00','2025-07-14 14:15:56'),(210,495,148,'Cape Coat',NULL,NULL,NULL,1,'16500.00','16500.00','2025-10-15 14:15:56'),(211,496,149,'Teddy Bear Coat',NULL,NULL,NULL,1,'13500.00','13500.00','2025-05-31 14:15:56'),(212,497,149,'Teddy Bear Coat',NULL,NULL,NULL,1,'13500.00','13500.00','2025-10-16 14:15:56'),(213,498,149,'Teddy Bear Coat',NULL,NULL,NULL,1,'13500.00','13500.00','2025-10-16 14:15:56'),(214,499,149,'Teddy Bear Coat',NULL,NULL,NULL,1,'13500.00','13500.00','2025-08-29 14:15:56'),(215,500,150,'Velare Pump',NULL,NULL,NULL,1,'8500.00','8500.00','2025-01-05 14:15:56'),(216,501,150,'Velare Pump',NULL,NULL,NULL,1,'8500.00','8500.00','2025-03-03 14:15:56'),(217,502,150,'Velare Pump',NULL,NULL,NULL,1,'8500.00','8500.00','2025-11-21 14:15:56'),(218,503,150,'Velare Pump',NULL,NULL,NULL,1,'8500.00','8500.00','2025-01-08 14:15:56'),(219,504,151,'Gaia Sneaker',NULL,NULL,NULL,1,'6500.00','6500.00','2025-07-08 14:15:56'),(220,505,151,'Gaia Sneaker',NULL,NULL,NULL,1,'6500.00','6500.00','2025-08-10 14:15:56'),(221,506,151,'Gaia Sneaker',NULL,NULL,NULL,1,'6500.00','6500.00','2025-07-27 14:15:56'),(222,507,151,'Gaia Sneaker',NULL,NULL,NULL,1,'6500.00','6500.00','2025-02-06 14:15:56'),(223,508,152,'Seta Loafer',NULL,NULL,NULL,1,'7200.00','7200.00','2025-11-19 14:15:56'),(224,509,152,'Seta Loafer',NULL,NULL,NULL,1,'7200.00','7200.00','2025-03-12 14:15:56'),(225,510,152,'Seta Loafer',NULL,NULL,NULL,1,'7200.00','7200.00','2025-05-26 14:15:56'),(226,511,152,'Seta Loafer',NULL,NULL,NULL,1,'7200.00','7200.00','2025-07-03 14:15:56'),(227,512,153,'Strappy Sandal',NULL,NULL,NULL,1,'4500.00','4500.00','2025-05-24 14:15:56'),(228,513,153,'Strappy Sandal',NULL,NULL,NULL,1,'4500.00','4500.00','2025-07-16 14:15:56'),(229,514,153,'Strappy Sandal',NULL,NULL,NULL,1,'4500.00','4500.00','2025-08-04 14:15:56'),(230,515,153,'Strappy Sandal',NULL,NULL,NULL,1,'4500.00','4500.00','2025-06-06 14:15:56'),(231,516,154,'Modern Boot',NULL,NULL,NULL,1,'9500.00','9500.00','2025-06-12 14:15:56'),(232,517,154,'Modern Boot',NULL,NULL,NULL,1,'9500.00','9500.00','2025-01-12 14:15:56'),(233,518,154,'Modern Boot',NULL,NULL,NULL,1,'9500.00','9500.00','2025-11-24 14:15:56'),(234,519,154,'Modern Boot',NULL,NULL,NULL,1,'9500.00','9500.00','2025-06-22 14:15:56'),(235,520,155,'Velare Tote',NULL,NULL,NULL,1,'5500.00','5500.00','2025-10-02 14:15:56'),(236,521,155,'Velare Tote',NULL,NULL,NULL,1,'5500.00','5500.00','2025-06-07 14:15:56'),(237,522,155,'Velare Tote',NULL,NULL,NULL,1,'5500.00','5500.00','2024-12-25 14:15:56'),(238,523,155,'Velare Tote',NULL,NULL,NULL,1,'5500.00','5500.00','2025-09-10 14:15:56'),(239,524,156,'Gaia Silk Scarf',NULL,NULL,NULL,1,'3200.00','3200.00','2025-08-07 14:15:56'),(240,525,156,'Gaia Silk Scarf',NULL,NULL,NULL,1,'3200.00','3200.00','2025-01-01 14:15:56'),(241,526,156,'Gaia Silk Scarf',NULL,NULL,NULL,1,'3200.00','3200.00','2025-04-16 14:15:56'),(242,527,156,'Gaia Silk Scarf',NULL,NULL,NULL,1,'3200.00','3200.00','2025-07-10 14:15:56'),(243,528,157,'Seta Belt',NULL,NULL,NULL,1,'2500.00','2500.00','2025-10-29 14:15:56'),(244,529,157,'Seta Belt',NULL,NULL,NULL,1,'2500.00','2500.00','2025-08-26 14:15:56'),(245,530,157,'Seta Belt',NULL,NULL,NULL,1,'2500.00','2500.00','2025-11-09 14:15:56'),(246,531,157,'Seta Belt',NULL,NULL,NULL,1,'2500.00','2500.00','2025-05-31 14:15:56'),(247,532,158,'Woven Hat',NULL,NULL,NULL,1,'2800.00','2800.00','2025-07-31 14:15:56'),(248,533,158,'Woven Hat',NULL,NULL,NULL,1,'2800.00','2800.00','2025-09-27 14:15:56'),(249,534,158,'Woven Hat',NULL,NULL,NULL,1,'2800.00','2800.00','2025-01-11 14:15:56'),(250,535,158,'Woven Hat',NULL,NULL,NULL,1,'2800.00','2800.00','2025-01-08 14:15:56'),(251,536,159,'Clutch Bag',NULL,NULL,NULL,1,'4200.00','4200.00','2025-02-05 14:15:56'),(252,537,159,'Clutch Bag',NULL,NULL,NULL,1,'4200.00','4200.00','2025-07-05 14:15:56'),(253,538,159,'Clutch Bag',NULL,NULL,NULL,1,'4200.00','4200.00','2025-04-30 14:15:56'),(254,539,159,'Clutch Bag',NULL,NULL,NULL,1,'4200.00','4200.00','2025-03-11 14:15:56');

/*Table structure for table `orders` */

DROP TABLE IF EXISTS `orders`;

CREATE TABLE `orders` (
  `order_id` int(11) NOT NULL AUTO_INCREMENT,
  `order_number` varchar(50) NOT NULL,
  `buyer_id` int(11) NOT NULL,
  `seller_id` int(11) NOT NULL,
  `address_id` int(11) NOT NULL,
  `subtotal` decimal(10,2) NOT NULL,
  `shipping_fee` decimal(10,2) DEFAULT 0.00,
  `discount_amount` decimal(10,2) DEFAULT 0.00,
  `total_amount` decimal(10,2) NOT NULL,
  `commission_amount` decimal(10,2) DEFAULT 0.00,
  `voucher_id` int(11) DEFAULT NULL,
  `order_status` enum('pending','in_transit','delivered','cancelled') DEFAULT 'pending',
  `order_received` tinyint(1) DEFAULT 0,
  `created_at` timestamp NOT NULL DEFAULT current_timestamp(),
  `updated_at` timestamp NOT NULL DEFAULT current_timestamp() ON UPDATE current_timestamp(),
  PRIMARY KEY (`order_id`),
  UNIQUE KEY `order_number` (`order_number`),
  KEY `address_id` (`address_id`),
  KEY `voucher_id` (`voucher_id`),
  KEY `idx_order_number` (`order_number`),
  KEY `idx_buyer_id` (`buyer_id`),
  KEY `idx_seller_id` (`seller_id`),
  KEY `idx_order_status` (`order_status`),
  KEY `idx_created_at` (`created_at`),
  CONSTRAINT `orders_ibfk_1` FOREIGN KEY (`buyer_id`) REFERENCES `buyers` (`buyer_id`),
  CONSTRAINT `orders_ibfk_2` FOREIGN KEY (`seller_id`) REFERENCES `sellers` (`seller_id`),
  CONSTRAINT `orders_ibfk_3` FOREIGN KEY (`address_id`) REFERENCES `addresses` (`address_id`),
  CONSTRAINT `orders_ibfk_4` FOREIGN KEY (`voucher_id`) REFERENCES `vouchers` (`voucher_id`) ON DELETE SET NULL
) ENGINE=InnoDB AUTO_INCREMENT=540 DEFAULT CHARSET=utf8mb4 COLLATE=utf8mb4_general_ci;

/*Data for the table `orders` */

insert  into `orders`(`order_id`,`order_number`,`buyer_id`,`seller_id`,`address_id`,`subtotal`,`shipping_fee`,`discount_amount`,`total_amount`,`commission_amount`,`voucher_id`,`order_status`,`order_received`,`created_at`,`updated_at`) values (1,'VEL-2025-0001',8,7,15,'17119675.00','49.00','0.00','17119724.00','250.00',NULL,'delivered',1,'2025-02-27 14:15:56','2025-12-01 16:18:52'),(3,'VEL-2025-0003',8,7,15,'3423435.00','49.00','100.00','3423384.00','-24.00',NULL,'delivered',1,'2025-05-26 14:15:56','2025-12-01 16:18:52'),(5,'VEL-2025-0004',8,7,15,'3423435.00','49.00','0.00','3423484.00','25.00',NULL,'delivered',1,'2025-08-06 14:15:56','2025-12-01 16:18:52'),(6,'VEL-2025-0005',8,7,15,'6846870.00','49.00','0.00','6846919.00','1.00',10,'delivered',1,'2025-11-14 14:15:56','2025-12-01 16:18:52'),(9,'VEL-2025-0008',8,7,15,'99999999.99','49.00','0.00','99999999.99','2475.00',NULL,'pending',0,'2025-08-24 14:15:56','2025-12-01 16:18:52'),(200,'VEL-2025-0200',100,100,15,'18000.00','49.00','0.00','18049.00','900.00',NULL,'delivered',1,'2025-09-14 14:15:56','2025-12-01 15:33:12'),(201,'VEL-2025-0201',101,104,16,'14300.00','49.00','0.00','14349.00','715.00',NULL,'delivered',1,'2025-08-27 14:15:56','2025-12-01 15:33:12'),(300,'VEL-REV-300',101,100,16,'12500.00','49.00','0.00','12549.00','625.00',NULL,'delivered',1,'2025-03-31 14:15:56','2025-12-01 15:33:12'),(301,'VEL-REV-301',102,100,17,'12500.00','49.00','0.00','12549.00','625.00',NULL,'delivered',1,'2025-05-06 14:15:56','2025-12-01 15:33:12'),(302,'VEL-REV-302',103,100,18,'12500.00','49.00','0.00','12549.00','625.00',NULL,'delivered',1,'2025-01-25 14:15:56','2025-12-01 15:33:12'),(303,'VEL-REV-303',104,100,19,'12500.00','49.00','0.00','12549.00','625.00',NULL,'delivered',1,'2025-05-20 14:15:56','2025-12-01 15:33:12'),(304,'VEL-REV-304',100,101,15,'14200.00','49.00','0.00','14249.00','710.00',NULL,'delivered',1,'2025-10-18 14:15:56','2025-12-01 15:33:12'),(305,'VEL-REV-305',102,101,17,'14200.00','49.00','0.00','14249.00','710.00',NULL,'delivered',1,'2025-11-29 14:15:56','2025-12-01 15:33:12'),(306,'VEL-REV-306',103,101,18,'14200.00','49.00','0.00','14249.00','710.00',NULL,'delivered',1,'2025-04-04 14:15:56','2025-12-01 15:33:12'),(307,'VEL-REV-307',104,101,19,'14200.00','49.00','0.00','14249.00','710.00',NULL,'delivered',1,'2025-08-16 14:15:56','2025-12-01 15:33:12'),(308,'VEL-REV-308',100,102,15,'8500.00','49.00','0.00','8549.00','425.00',NULL,'delivered',1,'2025-06-09 14:15:56','2025-12-01 15:33:12'),(309,'VEL-REV-309',101,102,16,'8500.00','49.00','0.00','8549.00','425.00',NULL,'delivered',1,'2025-05-26 14:15:56','2025-12-01 15:33:12'),(310,'VEL-REV-310',103,102,18,'8500.00','49.00','0.00','8549.00','425.00',NULL,'delivered',1,'2025-10-04 14:15:56','2025-12-01 15:33:12'),(311,'VEL-REV-311',104,102,19,'8500.00','49.00','0.00','8549.00','425.00',NULL,'delivered',1,'2025-09-06 14:15:56','2025-12-01 15:33:12'),(312,'VEL-REV-312',100,103,15,'11000.00','49.00','0.00','11049.00','550.00',NULL,'delivered',1,'2025-03-20 14:15:56','2025-12-01 15:33:12'),(313,'VEL-REV-313',101,103,16,'11000.00','49.00','0.00','11049.00','550.00',NULL,'delivered',1,'2025-02-12 14:15:56','2025-12-01 15:33:12'),(314,'VEL-REV-314',102,103,17,'11000.00','49.00','0.00','11049.00','550.00',NULL,'delivered',1,'2025-01-07 14:15:56','2025-12-01 15:33:12'),(315,'VEL-REV-315',104,103,19,'11000.00','49.00','0.00','11049.00','550.00',NULL,'delivered',1,'2025-10-29 14:15:56','2025-12-01 15:33:12'),(316,'VEL-REV-316',100,104,15,'9800.00','49.00','0.00','9849.00','490.00',NULL,'delivered',1,'2025-02-27 14:15:56','2025-12-01 15:33:12'),(317,'VEL-REV-317',101,104,16,'9800.00','49.00','0.00','9849.00','490.00',NULL,'delivered',1,'2025-05-23 14:15:56','2025-12-01 15:33:12'),(318,'VEL-REV-318',102,104,17,'9800.00','49.00','0.00','9849.00','490.00',NULL,'delivered',1,'2025-07-24 14:15:56','2025-12-01 15:33:12'),(319,'VEL-REV-319',103,104,18,'9800.00','49.00','0.00','9849.00','490.00',NULL,'delivered',1,'2025-09-16 14:15:56','2025-12-01 15:33:12'),(320,'VEL-REV-320',101,100,16,'5500.00','49.00','0.00','5549.00','275.00',NULL,'delivered',1,'2024-12-13 14:15:56','2025-12-01 15:33:12'),(321,'VEL-REV-321',102,100,17,'5500.00','49.00','0.00','5549.00','275.00',NULL,'delivered',1,'2025-09-13 14:15:56','2025-12-01 15:33:12'),(322,'VEL-REV-322',103,100,18,'5500.00','49.00','0.00','5549.00','275.00',NULL,'delivered',1,'2025-09-25 14:15:56','2025-12-01 15:33:12'),(323,'VEL-REV-323',104,100,19,'5500.00','49.00','0.00','5549.00','275.00',NULL,'delivered',1,'2025-08-26 14:15:56','2025-12-01 15:33:12'),(324,'VEL-REV-324',100,101,15,'6200.00','49.00','0.00','6249.00','310.00',NULL,'delivered',1,'2025-02-19 14:15:56','2025-12-01 15:33:12'),(325,'VEL-REV-325',102,101,17,'6200.00','49.00','0.00','6249.00','310.00',NULL,'delivered',1,'2025-10-22 14:15:56','2025-12-01 15:33:12'),(326,'VEL-REV-326',103,101,18,'6200.00','49.00','0.00','6249.00','310.00',NULL,'delivered',1,'2025-09-18 14:15:56','2025-12-01 15:33:12'),(327,'VEL-REV-327',104,101,19,'6200.00','49.00','0.00','6249.00','310.00',NULL,'delivered',1,'2025-03-25 14:15:56','2025-12-01 15:33:12'),(328,'VEL-REV-328',100,102,15,'4800.00','49.00','0.00','4849.00','240.00',NULL,'delivered',1,'2025-02-02 14:15:56','2025-12-01 15:33:12'),(329,'VEL-REV-329',101,102,16,'4800.00','49.00','0.00','4849.00','240.00',NULL,'delivered',1,'2025-11-02 14:15:56','2025-12-01 15:33:12'),(330,'VEL-REV-330',103,102,18,'4800.00','49.00','0.00','4849.00','240.00',NULL,'delivered',1,'2025-01-02 14:15:56','2025-12-01 15:33:12'),(331,'VEL-REV-331',104,102,19,'4800.00','49.00','0.00','4849.00','240.00',NULL,'delivered',1,'2025-08-02 14:15:56','2025-12-01 15:33:12'),(332,'VEL-REV-332',100,103,15,'7500.00','49.00','0.00','7549.00','375.00',NULL,'delivered',1,'2024-12-29 14:15:56','2025-12-01 15:33:12'),(333,'VEL-REV-333',101,103,16,'7500.00','49.00','0.00','7549.00','375.00',NULL,'delivered',1,'2025-04-18 14:15:56','2025-12-01 15:33:12'),(334,'VEL-REV-334',102,103,17,'7500.00','49.00','0.00','7549.00','375.00',NULL,'delivered',1,'2025-07-31 14:15:56','2025-12-01 15:33:12'),(335,'VEL-REV-335',104,103,19,'7500.00','49.00','0.00','7549.00','375.00',NULL,'delivered',1,'2025-02-03 14:15:56','2025-12-01 15:33:12'),(336,'VEL-REV-336',100,104,15,'4500.00','49.00','0.00','4549.00','225.00',NULL,'delivered',1,'2025-10-20 14:15:56','2025-12-01 15:33:12'),(337,'VEL-REV-337',101,104,16,'4500.00','49.00','0.00','4549.00','225.00',NULL,'delivered',1,'2025-10-25 14:15:56','2025-12-01 15:33:12'),(338,'VEL-REV-338',102,104,17,'4500.00','49.00','0.00','4549.00','225.00',NULL,'delivered',1,'2025-10-02 14:15:56','2025-12-01 15:33:12'),(339,'VEL-REV-339',103,104,18,'4500.00','49.00','0.00','4549.00','225.00',NULL,'delivered',1,'2025-05-27 14:15:56','2025-12-01 15:33:12'),(340,'VEL-REV-340',101,100,16,'2500.00','49.00','0.00','2549.00','125.00',NULL,'delivered',1,'2025-10-30 14:15:56','2025-12-01 15:33:12'),(341,'VEL-REV-341',102,100,17,'2500.00','49.00','0.00','2549.00','125.00',NULL,'delivered',1,'2025-01-10 14:15:56','2025-12-01 15:33:12'),(342,'VEL-REV-342',103,100,18,'2500.00','49.00','0.00','2549.00','125.00',NULL,'delivered',1,'2025-09-20 14:15:56','2025-12-01 15:33:12'),(343,'VEL-REV-343',104,100,19,'2500.00','49.00','0.00','2549.00','125.00',NULL,'delivered',1,'2025-08-08 14:15:56','2025-12-01 15:33:12'),(344,'VEL-REV-344',100,101,15,'3200.00','49.00','0.00','3249.00','160.00',NULL,'delivered',1,'2024-12-07 14:15:56','2025-12-01 15:33:12'),(345,'VEL-REV-345',102,101,17,'3200.00','49.00','0.00','3249.00','160.00',NULL,'delivered',1,'2024-12-11 14:15:56','2025-12-01 15:33:12'),(346,'VEL-REV-346',103,101,18,'3200.00','49.00','0.00','3249.00','160.00',NULL,'delivered',1,'2025-01-01 14:15:56','2025-12-01 15:33:12'),(347,'VEL-REV-347',104,101,19,'3200.00','49.00','0.00','3249.00','160.00',NULL,'delivered',1,'2025-04-04 14:15:56','2025-12-01 15:33:12'),(348,'VEL-REV-348',100,102,15,'2800.00','49.00','0.00','2849.00','140.00',NULL,'delivered',1,'2025-05-14 14:15:56','2025-12-01 15:33:12'),(349,'VEL-REV-349',101,102,16,'2800.00','49.00','0.00','2849.00','140.00',NULL,'delivered',1,'2025-02-18 14:15:56','2025-12-01 15:33:12'),(350,'VEL-REV-350',103,102,18,'2800.00','49.00','0.00','2849.00','140.00',NULL,'delivered',1,'2025-08-27 14:15:56','2025-12-01 15:33:12'),(351,'VEL-REV-351',104,102,19,'2800.00','49.00','0.00','2849.00','140.00',NULL,'delivered',1,'2024-12-15 14:15:56','2025-12-01 15:33:12'),(352,'VEL-REV-352',100,103,15,'3500.00','49.00','0.00','3549.00','175.00',NULL,'delivered',1,'2025-11-23 14:15:56','2025-12-01 15:33:12'),(353,'VEL-REV-353',101,103,16,'3500.00','49.00','0.00','3549.00','175.00',NULL,'delivered',1,'2025-09-07 14:15:56','2025-12-01 15:33:12'),(354,'VEL-REV-354',102,103,17,'3500.00','49.00','0.00','3549.00','175.00',NULL,'delivered',1,'2025-10-27 14:15:56','2025-12-01 15:33:12'),(355,'VEL-REV-355',104,103,19,'3500.00','49.00','0.00','3549.00','175.00',NULL,'delivered',1,'2025-02-18 14:15:56','2025-12-01 15:33:12'),(356,'VEL-REV-356',100,104,15,'4200.00','49.00','0.00','4249.00','210.00',NULL,'delivered',1,'2025-04-15 14:15:56','2025-12-01 15:33:12'),(357,'VEL-REV-357',101,104,16,'4200.00','49.00','0.00','4249.00','210.00',NULL,'delivered',1,'2025-02-11 14:15:56','2025-12-01 15:33:12'),(358,'VEL-REV-358',102,104,17,'4200.00','49.00','0.00','4249.00','210.00',NULL,'delivered',1,'2025-10-15 14:15:56','2025-12-01 15:33:12'),(359,'VEL-REV-359',103,104,18,'4200.00','49.00','0.00','4249.00','210.00',NULL,'delivered',1,'2025-09-08 14:15:56','2025-12-01 15:33:12'),(360,'VEL-REV-360',101,100,16,'8900.00','49.00','0.00','8949.00','445.00',NULL,'delivered',1,'2025-02-22 14:15:56','2025-12-01 15:33:12'),(361,'VEL-REV-361',102,100,17,'8900.00','49.00','0.00','8949.00','445.00',NULL,'delivered',1,'2025-09-30 14:15:56','2025-12-01 15:33:12'),(362,'VEL-REV-362',103,100,18,'8900.00','49.00','0.00','8949.00','445.00',NULL,'delivered',1,'2025-05-22 14:15:56','2025-12-01 15:33:12'),(363,'VEL-REV-363',104,100,19,'8900.00','49.00','0.00','8949.00','445.00',NULL,'delivered',1,'2025-10-09 14:15:56','2025-12-01 15:33:12'),(364,'VEL-REV-364',100,101,15,'7800.00','49.00','0.00','7849.00','390.00',NULL,'delivered',1,'2025-10-14 14:15:56','2025-12-01 15:33:12'),(365,'VEL-REV-365',102,101,17,'7800.00','49.00','0.00','7849.00','390.00',NULL,'delivered',1,'2025-09-10 14:15:56','2025-12-01 15:33:12'),(366,'VEL-REV-366',103,101,18,'7800.00','49.00','0.00','7849.00','390.00',NULL,'delivered',1,'2025-03-09 14:15:56','2025-12-01 15:33:12'),(367,'VEL-REV-367',104,101,19,'7800.00','49.00','0.00','7849.00','390.00',NULL,'delivered',1,'2024-12-05 14:15:56','2025-12-01 15:33:12'),(368,'VEL-REV-368',100,102,15,'6500.00','49.00','0.00','6549.00','325.00',NULL,'delivered',1,'2025-03-03 14:15:56','2025-12-01 15:33:12'),(369,'VEL-REV-369',101,102,16,'6500.00','49.00','0.00','6549.00','325.00',NULL,'delivered',1,'2025-02-21 14:15:56','2025-12-01 15:33:12'),(370,'VEL-REV-370',103,102,18,'6500.00','49.00','0.00','6549.00','325.00',NULL,'delivered',1,'2025-04-12 14:15:56','2025-12-01 15:33:12'),(371,'VEL-REV-371',104,102,19,'6500.00','49.00','0.00','6549.00','325.00',NULL,'delivered',1,'2025-01-21 14:15:56','2025-12-01 15:33:12'),(372,'VEL-REV-372',100,103,15,'5600.00','49.00','0.00','5649.00','280.00',NULL,'delivered',1,'2025-07-13 14:15:56','2025-12-01 15:33:12'),(373,'VEL-REV-373',101,103,16,'5600.00','49.00','0.00','5649.00','280.00',NULL,'delivered',1,'2025-07-22 14:15:56','2025-12-01 15:33:12'),(374,'VEL-REV-374',102,103,17,'5600.00','49.00','0.00','5649.00','280.00',NULL,'delivered',1,'2025-04-11 14:15:56','2025-12-01 15:33:12'),(375,'VEL-REV-375',104,103,19,'5600.00','49.00','0.00','5649.00','280.00',NULL,'delivered',1,'2025-10-15 14:15:56','2025-12-01 15:33:12'),(376,'VEL-REV-376',100,104,15,'6200.00','49.00','0.00','6249.00','310.00',NULL,'delivered',1,'2025-03-14 14:15:56','2025-12-01 15:33:12'),(377,'VEL-REV-377',101,104,16,'6200.00','49.00','0.00','6249.00','310.00',NULL,'delivered',1,'2025-09-18 14:15:56','2025-12-01 15:33:12'),(378,'VEL-REV-378',102,104,17,'6200.00','49.00','0.00','6249.00','310.00',NULL,'delivered',1,'2025-01-19 14:15:56','2025-12-01 15:33:12'),(379,'VEL-REV-379',103,104,18,'6200.00','49.00','0.00','6249.00','310.00',NULL,'delivered',1,'2025-03-13 14:15:56','2025-12-01 15:33:12'),(380,'VEL-REV-380',101,100,16,'3500.00','49.00','0.00','3549.00','175.00',NULL,'delivered',1,'2025-11-29 14:15:56','2025-12-01 15:33:12'),(381,'VEL-REV-381',102,100,17,'3500.00','49.00','0.00','3549.00','175.00',NULL,'delivered',1,'2025-01-16 14:15:56','2025-12-01 15:33:12'),(382,'VEL-REV-382',103,100,18,'3500.00','49.00','0.00','3549.00','175.00',NULL,'delivered',1,'2025-07-27 14:15:56','2025-12-01 15:33:12'),(383,'VEL-REV-383',104,100,19,'3500.00','49.00','0.00','3549.00','175.00',NULL,'delivered',1,'2025-10-19 14:15:56','2025-12-01 15:33:12'),(384,'VEL-REV-384',100,101,15,'2800.00','49.00','0.00','2849.00','140.00',NULL,'delivered',1,'2025-05-15 14:15:56','2025-12-01 15:33:12'),(385,'VEL-REV-385',102,101,17,'2800.00','49.00','0.00','2849.00','140.00',NULL,'delivered',1,'2025-07-11 14:15:56','2025-12-01 15:33:12'),(386,'VEL-REV-386',103,101,18,'2800.00','49.00','0.00','2849.00','140.00',NULL,'delivered',1,'2025-08-09 14:15:56','2025-12-01 15:33:12'),(387,'VEL-REV-387',104,101,19,'2800.00','49.00','0.00','2849.00','140.00',NULL,'delivered',1,'2025-07-10 14:15:56','2025-12-01 15:33:12'),(388,'VEL-REV-388',100,102,15,'2200.00','49.00','0.00','2249.00','110.00',NULL,'delivered',1,'2025-11-20 14:15:56','2025-12-01 15:33:12'),(389,'VEL-REV-389',101,102,16,'2200.00','49.00','0.00','2249.00','110.00',NULL,'delivered',1,'2024-12-13 14:15:56','2025-12-01 15:33:12'),(390,'VEL-REV-390',103,102,18,'2200.00','49.00','0.00','2249.00','110.00',NULL,'delivered',1,'2025-03-01 14:15:56','2025-12-01 15:33:12'),(391,'VEL-REV-391',104,102,19,'2200.00','49.00','0.00','2249.00','110.00',NULL,'delivered',1,'2025-01-21 14:15:56','2025-12-01 15:33:12'),(392,'VEL-REV-392',100,103,15,'5500.00','49.00','0.00','5549.00','275.00',NULL,'delivered',1,'2025-11-15 14:15:56','2025-12-01 15:33:12'),(393,'VEL-REV-393',101,103,16,'5500.00','49.00','0.00','5549.00','275.00',NULL,'delivered',1,'2025-04-11 14:15:56','2025-12-01 15:33:12'),(394,'VEL-REV-394',102,103,17,'5500.00','49.00','0.00','5549.00','275.00',NULL,'delivered',1,'2025-11-05 14:15:56','2025-12-01 15:33:12'),(395,'VEL-REV-395',104,103,19,'5500.00','49.00','0.00','5549.00','275.00',NULL,'delivered',1,'2025-06-26 14:15:56','2025-12-01 15:33:12'),(396,'VEL-REV-396',100,104,15,'2100.00','49.00','0.00','2149.00','105.00',NULL,'delivered',1,'2024-12-18 14:15:56','2025-12-01 15:33:12'),(397,'VEL-REV-397',101,104,16,'2100.00','49.00','0.00','2149.00','105.00',NULL,'delivered',1,'2025-06-11 14:15:56','2025-12-01 15:33:12'),(398,'VEL-REV-398',102,104,17,'2100.00','49.00','0.00','2149.00','105.00',NULL,'delivered',1,'2025-05-31 14:15:56','2025-12-01 15:33:12'),(399,'VEL-REV-399',103,104,18,'2100.00','49.00','0.00','2149.00','105.00',NULL,'delivered',1,'2025-10-22 14:15:56','2025-12-01 15:33:12'),(400,'VEL-REV-400',101,100,16,'4200.00','49.00','0.00','4249.00','210.00',NULL,'delivered',1,'2025-11-20 14:15:56','2025-12-01 15:33:12'),(401,'VEL-REV-401',102,100,17,'4200.00','49.00','0.00','4249.00','210.00',NULL,'delivered',1,'2025-02-03 14:15:56','2025-12-01 15:33:12'),(402,'VEL-REV-402',103,100,18,'4200.00','49.00','0.00','4249.00','210.00',NULL,'delivered',1,'2025-11-16 14:15:56','2025-12-01 15:33:12'),(403,'VEL-REV-403',104,100,19,'4200.00','49.00','0.00','4249.00','210.00',NULL,'delivered',1,'2025-03-12 14:15:56','2025-12-01 15:33:12'),(404,'VEL-REV-404',100,101,15,'3800.00','49.00','0.00','3849.00','190.00',NULL,'delivered',1,'2025-06-02 14:15:56','2025-12-01 15:33:12'),(405,'VEL-REV-405',102,101,17,'3800.00','49.00','0.00','3849.00','190.00',NULL,'delivered',1,'2025-08-06 14:15:56','2025-12-01 15:33:12'),(406,'VEL-REV-406',103,101,18,'3800.00','49.00','0.00','3849.00','190.00',NULL,'delivered',1,'2025-10-22 14:15:56','2025-12-01 15:33:12'),(407,'VEL-REV-407',104,101,19,'3800.00','49.00','0.00','3849.00','190.00',NULL,'delivered',1,'2025-04-30 14:15:56','2025-12-01 15:33:12'),(408,'VEL-REV-408',100,102,15,'4500.00','49.00','0.00','4549.00','225.00',NULL,'delivered',1,'2025-04-19 14:15:56','2025-12-01 15:33:12'),(409,'VEL-REV-409',101,102,16,'4500.00','49.00','0.00','4549.00','225.00',NULL,'delivered',1,'2025-08-01 14:15:56','2025-12-01 15:33:12'),(410,'VEL-REV-410',103,102,18,'4500.00','49.00','0.00','4549.00','225.00',NULL,'delivered',1,'2025-02-08 14:15:56','2025-12-01 15:33:12'),(411,'VEL-REV-411',104,102,19,'4500.00','49.00','0.00','4549.00','225.00',NULL,'delivered',1,'2025-11-13 14:15:56','2025-12-01 15:33:12'),(412,'VEL-REV-412',100,103,15,'3200.00','49.00','0.00','3249.00','160.00',NULL,'delivered',1,'2025-02-07 14:15:56','2025-12-01 15:33:12'),(413,'VEL-REV-413',101,103,16,'3200.00','49.00','0.00','3249.00','160.00',NULL,'delivered',1,'2024-12-27 14:15:56','2025-12-01 15:33:12'),(414,'VEL-REV-414',102,103,17,'3200.00','49.00','0.00','3249.00','160.00',NULL,'delivered',1,'2025-09-20 14:15:56','2025-12-01 15:33:12'),(415,'VEL-REV-415',104,103,19,'3200.00','49.00','0.00','3249.00','160.00',NULL,'delivered',1,'2025-09-18 14:15:56','2025-12-01 15:33:12'),(416,'VEL-REV-416',100,104,15,'3600.00','49.00','0.00','3649.00','180.00',NULL,'delivered',1,'2025-06-30 14:15:56','2025-12-01 15:33:12'),(417,'VEL-REV-417',101,104,16,'3600.00','49.00','0.00','3649.00','180.00',NULL,'delivered',1,'2025-05-29 14:15:56','2025-12-01 15:33:12'),(418,'VEL-REV-418',102,104,17,'3600.00','49.00','0.00','3649.00','180.00',NULL,'delivered',1,'2025-08-21 14:15:56','2025-12-01 15:33:12'),(419,'VEL-REV-419',103,104,18,'3600.00','49.00','0.00','3649.00','180.00',NULL,'delivered',1,'2025-01-18 14:15:56','2025-12-01 15:33:12'),(420,'VEL-REV-420',101,100,16,'2500.00','49.00','0.00','2549.00','125.00',NULL,'delivered',1,'2025-05-30 14:15:56','2025-12-01 15:33:12'),(421,'VEL-REV-421',102,100,17,'2500.00','49.00','0.00','2549.00','125.00',NULL,'delivered',1,'2024-12-27 14:15:56','2025-12-01 15:33:12'),(422,'VEL-REV-422',103,100,18,'2500.00','49.00','0.00','2549.00','125.00',NULL,'delivered',1,'2025-10-14 14:15:56','2025-12-01 15:33:12'),(423,'VEL-REV-423',104,100,19,'2500.00','49.00','0.00','2549.00','125.00',NULL,'delivered',1,'2025-01-19 14:15:56','2025-12-01 15:33:12'),(424,'VEL-REV-424',100,101,15,'2200.00','49.00','0.00','2249.00','110.00',NULL,'delivered',1,'2024-12-25 14:15:56','2025-12-01 15:33:12'),(425,'VEL-REV-425',102,101,17,'2200.00','49.00','0.00','2249.00','110.00',NULL,'delivered',1,'2025-11-02 14:15:56','2025-12-01 15:33:12'),(426,'VEL-REV-426',103,101,18,'2200.00','49.00','0.00','2249.00','110.00',NULL,'delivered',1,'2025-04-27 14:15:56','2025-12-01 15:33:12'),(427,'VEL-REV-427',104,101,19,'2200.00','49.00','0.00','2249.00','110.00',NULL,'delivered',1,'2025-03-04 14:15:56','2025-12-01 15:33:12'),(428,'VEL-REV-428',100,102,15,'3800.00','49.00','0.00','3849.00','190.00',NULL,'delivered',1,'2024-12-26 14:15:56','2025-12-01 15:33:12'),(429,'VEL-REV-429',101,102,16,'3800.00','49.00','0.00','3849.00','190.00',NULL,'delivered',1,'2025-06-28 14:15:56','2025-12-01 15:33:12'),(430,'VEL-REV-430',103,102,18,'3800.00','49.00','0.00','3849.00','190.00',NULL,'delivered',1,'2025-07-28 14:15:56','2025-12-01 15:33:12'),(431,'VEL-REV-431',104,102,19,'3800.00','49.00','0.00','3849.00','190.00',NULL,'delivered',1,'2025-06-24 14:15:56','2025-12-01 15:33:12'),(432,'VEL-REV-432',100,103,15,'4500.00','49.00','0.00','4549.00','225.00',NULL,'delivered',1,'2025-10-01 14:15:56','2025-12-01 15:33:12'),(433,'VEL-REV-433',101,103,16,'4500.00','49.00','0.00','4549.00','225.00',NULL,'delivered',1,'2025-05-26 14:15:56','2025-12-01 15:33:12'),(434,'VEL-REV-434',102,103,17,'4500.00','49.00','0.00','4549.00','225.00',NULL,'delivered',1,'2025-10-28 14:15:56','2025-12-01 15:33:12'),(435,'VEL-REV-435',104,103,19,'4500.00','49.00','0.00','4549.00','225.00',NULL,'delivered',1,'2025-01-02 14:15:56','2025-12-01 15:33:12'),(436,'VEL-REV-436',100,104,15,'5200.00','49.00','0.00','5249.00','260.00',NULL,'delivered',1,'2025-08-21 14:15:56','2025-12-01 15:33:12'),(437,'VEL-REV-437',101,104,16,'5200.00','49.00','0.00','5249.00','260.00',NULL,'delivered',1,'2025-04-01 14:15:56','2025-12-01 15:33:12'),(438,'VEL-REV-438',102,104,17,'5200.00','49.00','0.00','5249.00','260.00',NULL,'delivered',1,'2025-06-01 14:15:56','2025-12-01 15:33:12'),(439,'VEL-REV-439',103,104,18,'5200.00','49.00','0.00','5249.00','260.00',NULL,'delivered',1,'2025-05-30 14:15:56','2025-12-01 15:33:12'),(440,'VEL-REV-440',101,100,16,'5800.00','49.00','0.00','5849.00','290.00',NULL,'delivered',1,'2025-11-21 14:15:56','2025-12-01 15:33:12'),(441,'VEL-REV-441',102,100,17,'5800.00','49.00','0.00','5849.00','290.00',NULL,'delivered',1,'2025-04-18 14:15:56','2025-12-01 15:33:12'),(442,'VEL-REV-442',103,100,18,'5800.00','49.00','0.00','5849.00','290.00',NULL,'delivered',1,'2025-11-19 14:15:56','2025-12-01 15:33:12'),(443,'VEL-REV-443',104,100,19,'5800.00','49.00','0.00','5849.00','290.00',NULL,'delivered',1,'2025-08-16 14:15:56','2025-12-01 15:33:12'),(444,'VEL-REV-444',100,101,15,'4200.00','49.00','0.00','4249.00','210.00',NULL,'delivered',1,'2025-07-19 14:15:56','2025-12-01 15:33:12'),(445,'VEL-REV-445',102,101,17,'4200.00','49.00','0.00','4249.00','210.00',NULL,'delivered',1,'2024-12-11 14:15:56','2025-12-01 15:33:12'),(446,'VEL-REV-446',103,101,18,'4200.00','49.00','0.00','4249.00','210.00',NULL,'delivered',1,'2025-03-01 14:15:56','2025-12-01 15:33:12'),(447,'VEL-REV-447',104,101,19,'4200.00','49.00','0.00','4249.00','210.00',NULL,'delivered',1,'2025-01-25 14:15:56','2025-12-01 15:33:12'),(448,'VEL-REV-448',100,102,15,'1500.00','49.00','0.00','1549.00','75.00',NULL,'delivered',1,'2024-12-05 14:15:56','2025-12-01 15:33:12'),(449,'VEL-REV-449',101,102,16,'1500.00','49.00','0.00','1549.00','75.00',NULL,'delivered',1,'2025-07-10 14:15:56','2025-12-01 15:33:12'),(450,'VEL-REV-450',103,102,18,'1500.00','49.00','0.00','1549.00','75.00',NULL,'delivered',1,'2025-11-27 14:15:56','2025-12-01 15:33:12'),(451,'VEL-REV-451',104,102,19,'1500.00','49.00','0.00','1549.00','75.00',NULL,'delivered',1,'2025-01-15 14:15:56','2025-12-01 15:33:12'),(452,'VEL-REV-452',100,103,15,'3500.00','49.00','0.00','3549.00','175.00',NULL,'delivered',1,'2025-07-28 14:15:56','2025-12-01 15:33:12'),(453,'VEL-REV-453',101,103,16,'3500.00','49.00','0.00','3549.00','175.00',NULL,'delivered',1,'2025-10-24 14:15:56','2025-12-01 15:33:12'),(454,'VEL-REV-454',102,103,17,'3500.00','49.00','0.00','3549.00','175.00',NULL,'delivered',1,'2025-06-09 14:15:56','2025-12-01 15:33:12'),(455,'VEL-REV-455',104,103,19,'3500.00','49.00','0.00','3549.00','175.00',NULL,'delivered',1,'2025-10-30 14:15:56','2025-12-01 15:33:12'),(456,'VEL-REV-456',100,104,15,'6500.00','49.00','0.00','6549.00','325.00',NULL,'delivered',1,'2025-12-01 14:15:56','2025-12-01 15:33:12'),(457,'VEL-REV-457',101,104,16,'6500.00','49.00','0.00','6549.00','325.00',NULL,'delivered',1,'2025-03-08 14:15:56','2025-12-01 15:33:12'),(458,'VEL-REV-458',102,104,17,'6500.00','49.00','0.00','6549.00','325.00',NULL,'delivered',1,'2025-03-29 14:15:56','2025-12-01 15:33:12'),(459,'VEL-REV-459',103,104,18,'6500.00','49.00','0.00','6549.00','325.00',NULL,'delivered',1,'2025-09-24 14:15:56','2025-12-01 15:33:12'),(460,'VEL-REV-460',101,100,16,'12500.00','49.00','0.00','12549.00','625.00',NULL,'delivered',1,'2025-01-05 14:15:56','2025-12-01 15:33:12'),(461,'VEL-REV-461',102,100,17,'12500.00','49.00','0.00','12549.00','625.00',NULL,'delivered',1,'2024-12-15 14:15:56','2025-12-01 15:33:12'),(462,'VEL-REV-462',103,100,18,'12500.00','49.00','0.00','12549.00','625.00',NULL,'delivered',1,'2025-10-25 14:15:56','2025-12-01 15:33:12'),(463,'VEL-REV-463',104,100,19,'12500.00','49.00','0.00','12549.00','625.00',NULL,'delivered',1,'2025-04-21 14:15:56','2025-12-01 15:33:12'),(464,'VEL-REV-464',100,101,15,'8500.00','49.00','0.00','8549.00','425.00',NULL,'delivered',1,'2025-02-23 14:15:56','2025-12-01 15:33:12'),(465,'VEL-REV-465',102,101,17,'8500.00','49.00','0.00','8549.00','425.00',NULL,'delivered',1,'2025-11-26 14:15:56','2025-12-01 15:33:12'),(466,'VEL-REV-466',103,101,18,'8500.00','49.00','0.00','8549.00','425.00',NULL,'delivered',1,'2025-03-01 14:15:56','2025-12-01 15:33:12'),(467,'VEL-REV-467',104,101,19,'8500.00','49.00','0.00','8549.00','425.00',NULL,'delivered',1,'2025-03-11 14:15:56','2025-12-01 15:33:12'),(468,'VEL-REV-468',100,102,15,'7200.00','49.00','0.00','7249.00','360.00',NULL,'delivered',1,'2025-07-17 14:15:56','2025-12-01 15:33:12'),(469,'VEL-REV-469',101,102,16,'7200.00','49.00','0.00','7249.00','360.00',NULL,'delivered',1,'2025-03-19 14:15:56','2025-12-01 15:33:12'),(470,'VEL-REV-470',103,102,18,'7200.00','49.00','0.00','7249.00','360.00',NULL,'delivered',1,'2025-07-11 14:15:56','2025-12-01 15:33:12'),(471,'VEL-REV-471',104,102,19,'7200.00','49.00','0.00','7249.00','360.00',NULL,'delivered',1,'2025-01-25 14:15:56','2025-12-01 15:33:12'),(472,'VEL-REV-472',100,103,15,'9500.00','49.00','0.00','9549.00','475.00',NULL,'delivered',1,'2025-11-04 14:15:56','2025-12-01 15:33:12'),(473,'VEL-REV-473',101,103,16,'9500.00','49.00','0.00','9549.00','475.00',NULL,'delivered',1,'2025-02-03 14:15:56','2025-12-01 15:33:12'),(474,'VEL-REV-474',102,103,17,'9500.00','49.00','0.00','9549.00','475.00',NULL,'delivered',1,'2025-01-05 14:15:56','2025-12-01 15:33:12'),(475,'VEL-REV-475',104,103,19,'9500.00','49.00','0.00','9549.00','475.00',NULL,'delivered',1,'2025-11-15 14:15:56','2025-12-01 15:33:12'),(476,'VEL-REV-476',100,104,15,'14500.00','49.00','0.00','14549.00','725.00',NULL,'delivered',1,'2025-05-28 14:15:56','2025-12-01 15:33:12'),(477,'VEL-REV-477',101,104,16,'14500.00','49.00','0.00','14549.00','725.00',NULL,'delivered',1,'2025-06-25 14:15:56','2025-12-01 15:33:12'),(478,'VEL-REV-478',102,104,17,'14500.00','49.00','0.00','14549.00','725.00',NULL,'delivered',1,'2025-04-12 14:15:56','2025-12-01 15:33:12'),(479,'VEL-REV-479',103,104,18,'14500.00','49.00','0.00','14549.00','725.00',NULL,'delivered',1,'2025-01-14 14:15:56','2025-12-01 15:33:12'),(480,'VEL-REV-480',101,100,16,'15500.00','49.00','0.00','15549.00','775.00',NULL,'delivered',1,'2025-06-04 14:15:56','2025-12-01 15:33:12'),(481,'VEL-REV-481',102,100,17,'15500.00','49.00','0.00','15549.00','775.00',NULL,'delivered',1,'2025-02-02 14:15:56','2025-12-01 15:33:12'),(482,'VEL-REV-482',103,100,18,'15500.00','49.00','0.00','15549.00','775.00',NULL,'delivered',1,'2025-04-05 14:15:56','2025-12-01 15:33:12'),(483,'VEL-REV-483',104,100,19,'15500.00','49.00','0.00','15549.00','775.00',NULL,'delivered',1,'2025-02-11 14:15:56','2025-12-01 15:33:12'),(484,'VEL-REV-484',100,101,15,'18000.00','49.00','0.00','18049.00','900.00',NULL,'delivered',1,'2025-11-12 14:15:56','2025-12-01 15:33:12'),(485,'VEL-REV-485',102,101,17,'18000.00','49.00','0.00','18049.00','900.00',NULL,'delivered',1,'2025-01-27 14:15:56','2025-12-01 15:33:12'),(486,'VEL-REV-486',103,101,18,'18000.00','49.00','0.00','18049.00','900.00',NULL,'delivered',1,'2025-11-08 14:15:56','2025-12-01 15:33:12'),(487,'VEL-REV-487',104,101,19,'18000.00','49.00','0.00','18049.00','900.00',NULL,'delivered',1,'2025-02-14 14:15:56','2025-12-01 15:33:12'),(488,'VEL-REV-488',100,102,15,'11200.00','49.00','0.00','11249.00','560.00',NULL,'delivered',1,'2025-02-21 14:15:56','2025-12-01 15:33:12'),(489,'VEL-REV-489',101,102,16,'11200.00','49.00','0.00','11249.00','560.00',NULL,'delivered',1,'2025-06-01 14:15:56','2025-12-01 15:33:12'),(490,'VEL-REV-490',103,102,18,'11200.00','49.00','0.00','11249.00','560.00',NULL,'delivered',1,'2025-09-27 14:15:56','2025-12-01 15:33:12'),(491,'VEL-REV-491',104,102,19,'11200.00','49.00','0.00','11249.00','560.00',NULL,'delivered',1,'2025-07-11 14:15:56','2025-12-01 15:33:12'),(492,'VEL-REV-492',100,103,15,'16500.00','49.00','0.00','16549.00','825.00',NULL,'delivered',1,'2025-07-01 14:15:56','2025-12-01 15:33:12'),(493,'VEL-REV-493',101,103,16,'16500.00','49.00','0.00','16549.00','825.00',NULL,'delivered',1,'2024-12-27 14:15:56','2025-12-01 15:33:12'),(494,'VEL-REV-494',102,103,17,'16500.00','49.00','0.00','16549.00','825.00',NULL,'delivered',1,'2025-07-14 14:15:56','2025-12-01 15:33:12'),(495,'VEL-REV-495',104,103,19,'16500.00','49.00','0.00','16549.00','825.00',NULL,'delivered',1,'2025-10-15 14:15:56','2025-12-01 15:33:12'),(496,'VEL-REV-496',100,104,15,'13500.00','49.00','0.00','13549.00','675.00',NULL,'delivered',1,'2025-05-31 14:15:56','2025-12-01 15:33:12'),(497,'VEL-REV-497',101,104,16,'13500.00','49.00','0.00','13549.00','675.00',NULL,'delivered',1,'2025-10-16 14:15:56','2025-12-01 15:33:12'),(498,'VEL-REV-498',102,104,17,'13500.00','49.00','0.00','13549.00','675.00',NULL,'delivered',1,'2025-10-16 14:15:56','2025-12-01 15:33:12'),(499,'VEL-REV-499',103,104,18,'13500.00','49.00','0.00','13549.00','675.00',NULL,'delivered',1,'2025-08-29 14:15:56','2025-12-01 15:33:12'),(500,'VEL-REV-500',101,100,16,'8500.00','49.00','0.00','8549.00','425.00',NULL,'delivered',1,'2025-01-05 14:15:56','2025-12-01 15:33:12'),(501,'VEL-REV-501',102,100,17,'8500.00','49.00','0.00','8549.00','425.00',NULL,'delivered',1,'2025-03-03 14:15:56','2025-12-01 15:33:12'),(502,'VEL-REV-502',103,100,18,'8500.00','49.00','0.00','8549.00','425.00',NULL,'delivered',1,'2025-11-21 14:15:56','2025-12-01 15:33:12'),(503,'VEL-REV-503',104,100,19,'8500.00','49.00','0.00','8549.00','425.00',NULL,'delivered',1,'2025-01-08 14:15:56','2025-12-01 15:33:12'),(504,'VEL-REV-504',100,101,15,'6500.00','49.00','0.00','6549.00','325.00',NULL,'delivered',1,'2025-07-08 14:15:56','2025-12-01 15:33:12'),(505,'VEL-REV-505',102,101,17,'6500.00','49.00','0.00','6549.00','325.00',NULL,'delivered',1,'2025-08-10 14:15:56','2025-12-01 15:33:12'),(506,'VEL-REV-506',103,101,18,'6500.00','49.00','0.00','6549.00','325.00',NULL,'delivered',1,'2025-07-27 14:15:56','2025-12-01 15:33:12'),(507,'VEL-REV-507',104,101,19,'6500.00','49.00','0.00','6549.00','325.00',NULL,'delivered',1,'2025-02-06 14:15:56','2025-12-01 15:33:12'),(508,'VEL-REV-508',100,102,15,'7200.00','49.00','0.00','7249.00','360.00',NULL,'delivered',1,'2025-11-19 14:15:56','2025-12-01 15:33:12'),(509,'VEL-REV-509',101,102,16,'7200.00','49.00','0.00','7249.00','360.00',NULL,'delivered',1,'2025-03-12 14:15:56','2025-12-01 15:33:12'),(510,'VEL-REV-510',103,102,18,'7200.00','49.00','0.00','7249.00','360.00',NULL,'delivered',1,'2025-05-26 14:15:56','2025-12-01 15:33:12'),(511,'VEL-REV-511',104,102,19,'7200.00','49.00','0.00','7249.00','360.00',NULL,'delivered',1,'2025-07-03 14:15:56','2025-12-01 15:33:12'),(512,'VEL-REV-512',100,103,15,'4500.00','49.00','0.00','4549.00','225.00',NULL,'delivered',1,'2025-05-24 14:15:56','2025-12-01 15:33:12'),(513,'VEL-REV-513',101,103,16,'4500.00','49.00','0.00','4549.00','225.00',NULL,'delivered',1,'2025-07-16 14:15:56','2025-12-01 15:33:12'),(514,'VEL-REV-514',102,103,17,'4500.00','49.00','0.00','4549.00','225.00',NULL,'delivered',1,'2025-08-04 14:15:56','2025-12-01 15:33:12'),(515,'VEL-REV-515',104,103,19,'4500.00','49.00','0.00','4549.00','225.00',NULL,'delivered',1,'2025-06-06 14:15:56','2025-12-01 15:33:12'),(516,'VEL-REV-516',100,104,15,'9500.00','49.00','0.00','9549.00','475.00',NULL,'delivered',1,'2025-06-12 14:15:56','2025-12-01 15:33:12'),(517,'VEL-REV-517',101,104,16,'9500.00','49.00','0.00','9549.00','475.00',NULL,'delivered',1,'2025-01-12 14:15:56','2025-12-01 15:33:12'),(518,'VEL-REV-518',102,104,17,'9500.00','49.00','0.00','9549.00','475.00',NULL,'delivered',1,'2025-11-24 14:15:56','2025-12-01 15:33:12'),(519,'VEL-REV-519',103,104,18,'9500.00','49.00','0.00','9549.00','475.00',NULL,'delivered',1,'2025-06-22 14:15:56','2025-12-01 15:33:12'),(520,'VEL-REV-520',101,100,16,'5500.00','49.00','0.00','5549.00','275.00',NULL,'delivered',1,'2025-10-02 14:15:56','2025-12-01 15:33:12'),(521,'VEL-REV-521',102,100,17,'5500.00','49.00','0.00','5549.00','275.00',NULL,'delivered',1,'2025-06-07 14:15:56','2025-12-01 15:33:12'),(522,'VEL-REV-522',103,100,18,'5500.00','49.00','0.00','5549.00','275.00',NULL,'delivered',1,'2024-12-25 14:15:56','2025-12-01 15:33:12'),(523,'VEL-REV-523',104,100,19,'5500.00','49.00','0.00','5549.00','275.00',NULL,'delivered',1,'2025-09-10 14:15:56','2025-12-01 15:33:12'),(524,'VEL-REV-524',100,101,15,'3200.00','49.00','0.00','3249.00','160.00',NULL,'delivered',1,'2025-08-07 14:15:56','2025-12-01 15:33:12'),(525,'VEL-REV-525',102,101,17,'3200.00','49.00','0.00','3249.00','160.00',NULL,'delivered',1,'2025-01-01 14:15:56','2025-12-01 15:33:12'),(526,'VEL-REV-526',103,101,18,'3200.00','49.00','0.00','3249.00','160.00',NULL,'delivered',1,'2025-04-16 14:15:56','2025-12-01 15:33:12'),(527,'VEL-REV-527',104,101,19,'3200.00','49.00','0.00','3249.00','160.00',NULL,'delivered',1,'2025-07-10 14:15:56','2025-12-01 15:33:12'),(528,'VEL-REV-528',100,102,15,'2500.00','49.00','0.00','2549.00','125.00',NULL,'delivered',1,'2025-10-29 14:15:56','2025-12-01 15:33:12'),(529,'VEL-REV-529',101,102,16,'2500.00','49.00','0.00','2549.00','125.00',NULL,'delivered',1,'2025-08-26 14:15:56','2025-12-01 15:33:12'),(530,'VEL-REV-530',103,102,18,'2500.00','49.00','0.00','2549.00','125.00',NULL,'delivered',1,'2025-11-09 14:15:56','2025-12-01 15:33:12'),(531,'VEL-REV-531',104,102,19,'2500.00','49.00','0.00','2549.00','125.00',NULL,'delivered',1,'2025-05-31 14:15:56','2025-12-01 15:33:12'),(532,'VEL-REV-532',100,103,15,'2800.00','49.00','0.00','2849.00','140.00',NULL,'delivered',1,'2025-07-31 14:15:56','2025-12-01 15:33:12'),(533,'VEL-REV-533',101,103,16,'2800.00','49.00','0.00','2849.00','140.00',NULL,'delivered',1,'2025-09-27 14:15:56','2025-12-01 15:33:12'),(534,'VEL-REV-534',102,103,17,'2800.00','49.00','0.00','2849.00','140.00',NULL,'delivered',1,'2025-01-11 14:15:56','2025-12-01 15:33:12'),(535,'VEL-REV-535',104,103,19,'2800.00','49.00','0.00','2849.00','140.00',NULL,'delivered',1,'2025-01-08 14:15:56','2025-12-01 15:33:12'),(536,'VEL-REV-536',100,104,15,'4200.00','49.00','0.00','4249.00','210.00',NULL,'delivered',1,'2025-02-05 14:15:56','2025-12-01 15:33:12'),(537,'VEL-REV-537',101,104,16,'4200.00','49.00','0.00','4249.00','210.00',NULL,'delivered',1,'2025-07-05 14:15:56','2025-12-01 15:33:12'),(538,'VEL-REV-538',102,104,17,'4200.00','49.00','0.00','4249.00','210.00',NULL,'delivered',1,'2025-04-30 14:15:56','2025-12-01 15:33:12'),(539,'VEL-REV-539',103,104,18,'4200.00','49.00','0.00','4249.00','210.00',NULL,'delivered',1,'2025-03-11 14:15:56','2025-12-01 15:33:12');

/*Table structure for table `product_images` */

DROP TABLE IF EXISTS `product_images`;

CREATE TABLE `product_images` (
  `image_id` int(11) NOT NULL AUTO_INCREMENT,
  `product_id` int(11) NOT NULL,
  `variant_id` int(11) DEFAULT NULL,
  `image_url` varchar(255) NOT NULL,
  `is_primary` tinyint(1) DEFAULT 0,
  `display_order` int(11) DEFAULT 0,
  `created_at` timestamp NOT NULL DEFAULT current_timestamp(),
  PRIMARY KEY (`image_id`),
  KEY `idx_product_id` (`product_id`),
  KEY `idx_variant_id` (`variant_id`),
  CONSTRAINT `fk_product_images_variant` FOREIGN KEY (`variant_id`) REFERENCES `product_variants` (`variant_id`) ON DELETE SET NULL,
  CONSTRAINT `product_images_ibfk_1` FOREIGN KEY (`product_id`) REFERENCES `products` (`product_id`) ON DELETE CASCADE,
  CONSTRAINT `product_images_ibfk_2` FOREIGN KEY (`variant_id`) REFERENCES `product_variants` (`variant_id`) ON DELETE SET NULL
) ENGINE=InnoDB AUTO_INCREMENT=485 DEFAULT CHARSET=utf8mb4 COLLATE=utf8mb4_general_ci;

/*Data for the table `product_images` */

insert  into `product_images`(`image_id`,`product_id`,`variant_id`,`image_url`,`is_primary`,`display_order`,`created_at`) values (129,41,106,'static/uploads/products/20251116_135107_0_HLSA-WS189_V4.avif',0,2,'2025-11-16 13:51:07'),(130,41,106,'static/uploads/products/20251116_135107_1_HLSA-WS189_V3.webp',0,3,'2025-11-16 13:51:07'),(131,41,106,'static/uploads/products/20251116_135107_2_HLSA-WS189_V2.webp',1,0,'2025-11-16 13:51:07'),(132,41,106,'static/uploads/products/20251116_135107_3_HLSA-WS189_V5.avif',0,1,'2025-11-16 13:51:07'),(133,41,106,'static/uploads/products/20251116_135107_4_HLSA-WS189_V1.webp',0,4,'2025-11-16 13:51:07'),(134,42,110,'static/uploads/products/20251116_135910_0_ATTF-WS142_V2.avif',1,0,'2025-11-16 13:59:10'),(135,42,110,'static/uploads/products/20251116_135910_1_ATTF-WS142_V5.avif',0,1,'2025-11-16 13:59:10'),(136,42,110,'static/uploads/products/20251116_135910_2_ATTF-WS142_V1.avif',0,2,'2025-11-16 13:59:10'),(137,42,110,'static/uploads/products/20251116_135910_3_ATTF-WS142_V3.avif',0,3,'2025-11-16 13:59:10'),(138,42,110,'static/uploads/products/20251116_135910_4_ATTF-WS142_V4.avif',0,4,'2025-11-16 13:59:10'),(202,101,203,'static/uploads/products/dress_gaia_petrol_main.jpg',1,0,'2025-12-01 13:17:29'),(204,116,214,'static/uploads/products/blouse_billow_floral_main.jpg',1,0,'2025-12-01 13:17:29'),(205,115,213,'static/uploads/products/20251202_154956_213_0_SLAU-WS462_V5-fotor-20251122211526.jpg',0,0,'2025-12-02 15:49:56'),(206,115,215,'static/uploads/products/20251202_155207_215_0_SLAU-WS462_V3-fotor-2025112219252.jpg',0,1,'2025-12-02 15:52:07'),(207,115,215,'static/uploads/products/20251202_155207_215_1_SLAU-WS462_V2-fotor-20251122192815.jpg',0,3,'2025-12-02 15:52:07'),(208,115,215,'static/uploads/products/20251202_155207_215_2_SLAU-WS462_V5-fotor-20251122185940.jpg',0,6,'2025-12-02 15:52:07'),(209,115,215,'static/uploads/products/20251202_155207_215_3_SLAU-WS462_V4-fotor-20251122191127.jpg',0,10,'2025-12-02 15:52:07'),(210,115,215,'static/uploads/products/20251202_155207_215_4_SLAU-WS462_V1-fotor-2025112219119.jpg',0,15,'2025-12-02 15:52:07'),(211,115,216,'static/uploads/products/20251202_155207_216_0_SLAU-WS462_V3-fotor-2025112221133.jpg',0,16,'2025-12-02 15:52:07'),(212,115,216,'static/uploads/products/20251202_155207_216_1_SLAU-WS462_V2-fotor-20251122211117.jpg',0,18,'2025-12-02 15:52:07'),(213,115,216,'static/uploads/products/20251202_155207_216_2_SLAU-WS462_V4-fotor-20251122211628.jpg',0,21,'2025-12-02 15:52:07'),(214,115,216,'static/uploads/products/20251202_155207_216_3_SLAU-WS462_V5-fotor-20251122211526.jpg',0,25,'2025-12-02 15:52:07'),(215,115,216,'static/uploads/products/20251202_155207_216_4_SLAU-WS462_V1-fotor-20251122211756.jpg',0,30,'2025-12-02 15:52:07'),(216,115,217,'static/uploads/products/20251202_155207_217_0_SLAU-WS462_V3.jpg',0,31,'2025-12-02 15:52:07'),(217,115,217,'static/uploads/products/20251202_155207_217_1_SLAU-WS462_V2.jpg',0,33,'2025-12-02 15:52:07'),(218,115,217,'static/uploads/products/20251202_155207_217_2_SLAU-WS462_V1.jpg',0,36,'2025-12-02 15:52:07'),(219,115,217,'static/uploads/products/20251202_155207_217_3_SLAU-WS462_V4.jpg',0,40,'2025-12-02 15:52:07'),(220,115,217,'static/uploads/products/20251202_155207_217_4_SLAU-WS462_V5.jpg',0,45,'2025-12-02 15:52:07'),(221,115,218,'static/uploads/products/20251202_155207_218_0_SLAU-WS462_V3-fotor-20251122212153.jpg',0,46,'2025-12-02 15:52:07'),(222,115,218,'static/uploads/products/20251202_155207_218_1_SLAU-WS462_V2-fotor-20251122212643.jpg',0,48,'2025-12-02 15:52:07'),(223,115,218,'static/uploads/products/20251202_155207_218_2_SLAU-WS462_V4-fotor-20251122212419.jpg',0,51,'2025-12-02 15:52:07'),(224,115,218,'static/uploads/products/20251202_155207_218_3_SLAU-WS462_V5-fotor-2025112221237.jpg',0,55,'2025-12-02 15:52:07'),(225,115,218,'static/uploads/products/20251202_155207_218_4_SLAU-WS462_V1-fotor-20251122212527.jpg',0,60,'2025-12-02 15:52:07'),(226,157,219,'static/uploads/products/20251203_061608_219_0_DCHF-WA19_V2.avif',0,2,'2025-12-03 06:16:08'),(227,157,219,'static/uploads/products/20251203_061608_219_1_DCHF-WA19_V3.avif',1,0,'2025-12-03 06:16:08'),(228,157,219,'static/uploads/products/20251203_061608_219_2_DCHF-WA19_V1.avif',0,1,'2025-12-03 06:16:08'),(229,157,220,'static/uploads/products/20251203_061608_220_0_BND_14.11.jpg',1,0,'2025-12-03 06:16:08'),(230,157,220,'static/uploads/products/20251203_061608_220_1_BND_14.1.jpg',0,1,'2025-12-03 06:16:08'),(231,157,221,'static/uploads/products/20251203_061608_221_0_BND_14.3.jpg',1,0,'2025-12-03 06:16:08'),(232,157,221,'static/uploads/products/20251203_061608_221_1_BND_14.33.jpg',0,1,'2025-12-03 06:16:08'),(233,157,222,'static/uploads/products/20251203_061608_222_0_BND_14.22.jpg',1,0,'2025-12-03 06:16:08'),(234,157,222,'static/uploads/products/20251203_061608_222_1_BND_14.2.jpg',0,1,'2025-12-03 06:16:08'),(235,102,NULL,'static/uploads/products/20251203_062417_205_0_DRESS_LUNA-DRAPED_OSLO-GREY_1.jpg',0,0,'2025-12-03 06:24:17'),(236,102,NULL,'static/uploads/products/20251203_062417_205_1_DRESS_LUNA-DRAPED_ORIG_1.jpg',0,1,'2025-12-03 06:24:17'),(237,102,NULL,'static/uploads/products/20251203_062417_205_2_DRESS_LUNA-DRAPED_BLUISH-CYAN_1.jpg',0,2,'2025-12-03 06:24:17'),(238,102,NULL,'static/uploads/products/20251203_062417_205_3_DRESS_LUNA-DRAPED_PERSIAN-ROSE_1.jpg',0,3,'2025-12-03 06:24:17'),(239,102,223,'static/uploads/products/20251203_062727_223_0_DRESS_LUNA-DRAPED_BLUISH-CYAN_2.jpg',0,4,'2025-12-03 06:27:27'),(240,102,223,'static/uploads/products/20251203_062727_223_1_DRESS_LUNA-DRAPED_BLUISH-CYAN_1.jpg',0,6,'2025-12-03 06:27:27'),(241,102,223,'static/uploads/products/20251203_062727_223_2_DRESS_LUNA-DRAPED_BLUISH-CYAN_3.jpg',0,9,'2025-12-03 06:27:27'),(242,102,223,'static/uploads/products/20251203_062727_223_3_DRESS_LUNA-DRAPED_BLUISH-CYAN_4.jpg',0,13,'2025-12-03 06:27:27'),(243,102,223,'static/uploads/products/20251203_062727_223_4_DRESS_LUNA-DRAPED_BLUISH-CYAN_5.jpg',0,18,'2025-12-03 06:27:27'),(244,102,224,'static/uploads/products/20251203_062727_224_0_DRESS_LUNA-DRAPED_BLUISH-CYAN_2.jpg',0,19,'2025-12-03 06:27:27'),(245,102,224,'static/uploads/products/20251203_062727_224_1_DRESS_LUNA-DRAPED_BLUISH-CYAN_1.jpg',0,21,'2025-12-03 06:27:27'),(246,102,224,'static/uploads/products/20251203_062727_224_2_DRESS_LUNA-DRAPED_BLUISH-CYAN_3.jpg',0,24,'2025-12-03 06:27:27'),(247,102,224,'static/uploads/products/20251203_062727_224_3_DRESS_LUNA-DRAPED_BLUISH-CYAN_4.jpg',0,28,'2025-12-03 06:27:27'),(248,102,224,'static/uploads/products/20251203_062727_224_4_DRESS_LUNA-DRAPED_BLUISH-CYAN_5.jpg',0,33,'2025-12-03 06:27:27'),(249,102,225,'static/uploads/products/20251203_062727_225_0_DRESS_LUNA-DRAPED_BLUISH-CYAN_1.jpg',1,0,'2025-12-03 06:27:27'),(250,102,225,'static/uploads/products/20251203_062727_225_1_DRESS_LUNA-DRAPED_BLUISH-CYAN_2.jpg',0,1,'2025-12-03 06:27:27'),(251,102,225,'static/uploads/products/20251203_062727_225_2_DRESS_LUNA-DRAPED_BLUISH-CYAN_3.jpg',0,2,'2025-12-03 06:27:27'),(252,102,225,'static/uploads/products/20251203_062727_225_3_DRESS_LUNA-DRAPED_BLUISH-CYAN_4.jpg',0,3,'2025-12-03 06:27:27'),(253,102,225,'static/uploads/products/20251203_062727_225_4_DRESS_LUNA-DRAPED_BLUISH-CYAN_5.jpg',0,4,'2025-12-03 06:27:27'),(254,102,226,'static/uploads/products/20251203_062727_226_0_DRESS_LUNA-DRAPED_ORIG_1.jpg',0,49,'2025-12-03 06:27:27'),(255,102,226,'static/uploads/products/20251203_062727_226_1_DRESS_LUNA-DRAPED_ORIG_2.jpg',0,51,'2025-12-03 06:27:27'),(256,102,226,'static/uploads/products/20251203_062727_226_2_DRESS_LUNA-DRAPED_ORIG_4.jpg',0,54,'2025-12-03 06:27:27'),(257,102,226,'static/uploads/products/20251203_062727_226_3_DRESS_LUNA-DRAPED_ORIG_3.jpg',0,58,'2025-12-03 06:27:27'),(258,102,226,'static/uploads/products/20251203_062727_226_4_DRESS_LUNA-DRAPED_ORIG_5.jpg',0,63,'2025-12-03 06:27:27'),(259,102,227,'static/uploads/products/20251203_062727_227_0_DRESS_LUNA-DRAPED_ORIG_1.jpg',1,0,'2025-12-03 06:27:27'),(260,102,227,'static/uploads/products/20251203_062727_227_1_DRESS_LUNA-DRAPED_ORIG_2.jpg',0,1,'2025-12-03 06:27:27'),(261,102,227,'static/uploads/products/20251203_062727_227_2_DRESS_LUNA-DRAPED_ORIG_3.jpg',0,2,'2025-12-03 06:27:27'),(262,102,227,'static/uploads/products/20251203_062727_227_3_DRESS_LUNA-DRAPED_ORIG_4.jpg',0,3,'2025-12-03 06:27:27'),(263,102,227,'static/uploads/products/20251203_062727_227_4_DRESS_LUNA-DRAPED_ORIG_5.jpg',0,4,'2025-12-03 06:27:27'),(264,102,228,'static/uploads/products/20251203_062727_228_0_DRESS_LUNA-DRAPED_OSLO-GREY_1.jpg',1,0,'2025-12-03 06:27:27'),(265,102,228,'static/uploads/products/20251203_062727_228_1_DRESS_LUNA-DRAPED_OSLO-GREY_2.jpg',0,1,'2025-12-03 06:27:27'),(266,102,228,'static/uploads/products/20251203_062727_228_2_DRESS_LUNA-DRAPED_OSLO-GREY_4.jpg',0,2,'2025-12-03 06:27:27'),(267,102,228,'static/uploads/products/20251203_062727_228_3_DRESS_LUNA-DRAPED_OSLO-GREY_3.jpg',0,3,'2025-12-03 06:27:27'),(268,102,228,'static/uploads/products/20251203_062727_228_4_DRESS_LUNA-DRAPED_OSLO-GREY_5.jpg',0,4,'2025-12-03 06:27:27'),(269,102,229,'static/uploads/products/20251203_062727_229_0_DRESS_LUNA-DRAPED_PERSIAN-ROSE_1.jpg',1,0,'2025-12-03 06:27:27'),(270,102,229,'static/uploads/products/20251203_062727_229_1_DRESS_LUNA-DRAPED_PERSIAN-ROSE_2.jpg',0,1,'2025-12-03 06:27:27'),(271,102,229,'static/uploads/products/20251203_062727_229_2_DRESS_LUNA-DRAPED_PERSIAN-ROSE_4.jpg',0,2,'2025-12-03 06:27:27'),(272,102,229,'static/uploads/products/20251203_062727_229_3_DRESS_LUNA-DRAPED_PERSIAN-ROSE_5.jpg',0,3,'2025-12-03 06:27:27'),(273,102,229,'static/uploads/products/20251203_062727_229_4_DRESS_LUNA-DRAPED_PERSIAN-ROSE_3.jpg',0,4,'2025-12-03 06:27:27'),(274,152,230,'static/uploads/products/20251203_063319_230_0_SLAU-WZ1028_V1.avif',1,0,'2025-12-03 06:33:19'),(275,152,230,'static/uploads/products/20251203_063319_230_1_SLAU-WZ1028_V2.avif',0,2,'2025-12-03 06:33:19'),(276,152,230,'static/uploads/products/20251203_063319_230_2_SLAU-WZ1028_V5.avif',0,5,'2025-12-03 06:33:19'),(277,152,230,'static/uploads/products/20251203_063319_230_3_SLAU-WZ1028_V3.avif',0,9,'2025-12-03 06:33:19'),(278,152,230,'static/uploads/products/20251203_063319_230_4_SLAU-WZ1028_V4.webp',0,14,'2025-12-03 06:33:19'),(279,152,231,'static/uploads/products/20251203_063319_231_0_SLAU-WZ1028_V1.avif',0,15,'2025-12-03 06:33:19'),(280,152,231,'static/uploads/products/20251203_063319_231_1_SLAU-WZ1028_V5.avif',0,17,'2025-12-03 06:33:19'),(281,152,231,'static/uploads/products/20251203_063319_231_2_SLAU-WZ1028_V3.avif',0,20,'2025-12-03 06:33:19'),(282,152,231,'static/uploads/products/20251203_063319_231_3_SLAU-WZ1028_V4.webp',0,24,'2025-12-03 06:33:19'),(283,152,231,'static/uploads/products/20251203_063319_231_4_SLAU-WZ1028_V2.avif',0,29,'2025-12-03 06:33:19'),(284,152,232,'static/uploads/products/20251203_063319_232_0_6.33.jpg',0,30,'2025-12-03 06:33:19'),(285,152,232,'static/uploads/products/20251203_063319_232_1_6.33333.jpg',0,32,'2025-12-03 06:33:19'),(286,152,232,'static/uploads/products/20251203_063319_232_2_6.333.jpg',0,35,'2025-12-03 06:33:19'),(287,152,232,'static/uploads/products/20251203_063319_232_3_6.3333.jpg',0,39,'2025-12-03 06:33:19'),(288,152,232,'static/uploads/products/20251203_063319_232_4_BND_6.3.jpg',0,44,'2025-12-03 06:33:19'),(289,152,233,'static/uploads/products/20251203_063319_233_0_6.22.jpg',0,45,'2025-12-03 06:33:19'),(290,152,233,'static/uploads/products/20251203_063319_233_1_6.222.jpg',0,47,'2025-12-03 06:33:19'),(291,152,233,'static/uploads/products/20251203_063319_233_2_6.2222.jpg',0,50,'2025-12-03 06:33:19'),(292,152,233,'static/uploads/products/20251203_063319_233_3_BND_6.22222.jpg',0,54,'2025-12-03 06:33:19'),(293,152,233,'static/uploads/products/20251203_063319_233_4_BND_6.2.jpg',0,59,'2025-12-03 06:33:19'),(294,147,234,'static/uploads/products/20251203_063515_234_0_COATS_OTAGA_ORIG_1.jpg',1,0,'2025-12-03 06:35:15'),(295,147,234,'static/uploads/products/20251203_063515_234_1_COATS_OTAGA_ORIG_2.jpg',0,1,'2025-12-03 06:35:15'),(296,147,234,'static/uploads/products/20251203_063515_234_2_COATS_OTAGA_ORIG_4.jpg',0,2,'2025-12-03 06:35:15'),(297,147,234,'static/uploads/products/20251203_063515_234_3_COATS_OTAGA_ORIG_3.jpg',0,3,'2025-12-03 06:35:15'),(298,147,234,'static/uploads/products/20251203_063515_234_4_COATS_OTAGA_ORIG_5.jpg',0,4,'2025-12-03 06:35:15'),(299,127,235,'static/uploads/products/20251203_063704_235_0_YOGA-PANTS_REVOLVER-25ML_ORIG_6.jpg',1,0,'2025-12-03 06:37:04'),(300,127,235,'static/uploads/products/20251203_063704_235_1_YOGA-PANTS_REVOLVER-25ML_ORIG_4.jpg',0,2,'2025-12-03 06:37:04'),(301,127,235,'static/uploads/products/20251203_063704_235_2_YOGA-PANTS_REVOLVER-25ML_ORIG_3.jpg',0,5,'2025-12-03 06:37:04'),(302,127,235,'static/uploads/products/20251203_063704_235_3_YOGA-PANTS_REVOLVER-25ML_ORIG_1.jpg',0,9,'2025-12-03 06:37:04'),(303,127,235,'static/uploads/products/20251203_063704_235_4_YOGA-PANTS_REVOLVER-25ML_ORIG_5.jpg',0,14,'2025-12-03 06:37:04'),(304,127,235,'static/uploads/products/20251203_063704_235_5_YOGA-PANTS_REVOLVER-25ML_ORIG_2.jpg',0,20,'2025-12-03 06:37:04'),(305,127,235,'static/uploads/products/20251203_063704_235_6_YOGA-PANTS_REVOLVER-25ML_ORIG_7.jpg',0,27,'2025-12-03 06:37:04'),(306,127,236,'static/uploads/products/20251203_063704_236_0_YOGA-PANTS_REVOLVER-25ML_ORIG_2.jpg',0,28,'2025-12-03 06:37:04'),(307,127,236,'static/uploads/products/20251203_063704_236_1_YOGA-PANTS_REVOLVER-25ML_ORIG_1.jpg',0,30,'2025-12-03 06:37:04'),(308,127,236,'static/uploads/products/20251203_063704_236_2_YOGA-PANTS_REVOLVER-25ML_ORIG_3.jpg',0,33,'2025-12-03 06:37:04'),(309,127,236,'static/uploads/products/20251203_063704_236_3_YOGA-PANTS_REVOLVER-25ML_ORIG_5.jpg',0,37,'2025-12-03 06:37:04'),(310,127,236,'static/uploads/products/20251203_063704_236_4_YOGA-PANTS_REVOLVER-25ML_ORIG_6.jpg',0,42,'2025-12-03 06:37:04'),(311,127,236,'static/uploads/products/20251203_063704_236_5_YOGA-PANTS_REVOLVER-25ML_ORIG_4.jpg',0,48,'2025-12-03 06:37:04'),(312,127,236,'static/uploads/products/20251203_063704_236_6_YOGA-PANTS_REVOLVER-25ML_ORIG_7.jpg',0,55,'2025-12-03 06:37:04'),(313,127,237,'static/uploads/products/20251203_063704_237_0_YOGA-PANTS_REVOLVER-25ML_ORIG_4.jpg',0,56,'2025-12-03 06:37:04'),(314,127,237,'static/uploads/products/20251203_063704_237_1_YOGA-PANTS_REVOLVER-25ML_ORIG_3.jpg',0,58,'2025-12-03 06:37:04'),(315,127,237,'static/uploads/products/20251203_063704_237_2_YOGA-PANTS_REVOLVER-25ML_ORIG_1.jpg',0,61,'2025-12-03 06:37:04'),(316,127,237,'static/uploads/products/20251203_063704_237_3_YOGA-PANTS_REVOLVER-25ML_ORIG_2.jpg',0,65,'2025-12-03 06:37:04'),(317,127,237,'static/uploads/products/20251203_063704_237_4_YOGA-PANTS_REVOLVER-25ML_ORIG_6.jpg',0,70,'2025-12-03 06:37:04'),(318,127,237,'static/uploads/products/20251203_063704_237_5_YOGA-PANTS_REVOLVER-25ML_ORIG_7.jpg',0,76,'2025-12-03 06:37:04'),(319,127,237,'static/uploads/products/20251203_063704_237_6_YOGA-PANTS_REVOLVER-25ML_ORIG_5.jpg',0,83,'2025-12-03 06:37:04'),(320,107,238,'static/uploads/products/20251203_064122_238_0_SKIRT_VELVET_ORIG_1.jpg',1,0,'2025-12-03 06:41:22'),(321,107,238,'static/uploads/products/20251203_064122_238_1_SKIRT_VELVET_ORIG_5.jpg',0,2,'2025-12-03 06:41:22'),(322,107,238,'static/uploads/products/20251203_064122_238_2_SKIRT_VELVET_ORIG_4.jpg',0,5,'2025-12-03 06:41:22'),(323,107,238,'static/uploads/products/20251203_064122_238_3_SKIRT_VELVET_ORIG_3.jpg',0,9,'2025-12-03 06:41:22'),(324,107,238,'static/uploads/products/20251203_064122_238_4_SKIRT_VELVET_ORIG_2.jpg',0,14,'2025-12-03 06:41:22'),(325,107,238,'static/uploads/products/20251203_064122_238_5_SKIRT_VELVET_ORIG_6.jpg',0,20,'2025-12-03 06:41:22'),(326,107,239,'static/uploads/products/20251203_064122_239_0_SKIRT_VELVET_WARM-PINK_1.jpg',0,21,'2025-12-03 06:41:22'),(327,107,239,'static/uploads/products/20251203_064122_239_1_SKIRT_VELVET_WARM-PINK_3.jpg',0,23,'2025-12-03 06:41:22'),(328,107,239,'static/uploads/products/20251203_064122_239_2_SKIRT_VELVET_WARM-PINK_2.jpg',0,26,'2025-12-03 06:41:22'),(329,107,239,'static/uploads/products/20251203_064122_239_3_SKIRT_VELVET_WARM-PINK_4.jpg',0,30,'2025-12-03 06:41:22'),(330,107,239,'static/uploads/products/20251203_064122_239_4_SKIRT_VELVET_WARM-PINK_5.jpg',0,35,'2025-12-03 06:41:22'),(331,107,240,'static/uploads/products/20251203_064122_240_0_SKIRT_VELVET_NAPIER-GREEN_1.jpg',0,36,'2025-12-03 06:41:23'),(332,107,240,'static/uploads/products/20251203_064123_240_1_SKIRT_VELVET_NAPIER-GREEN_3.jpg',0,38,'2025-12-03 06:41:23'),(333,107,240,'static/uploads/products/20251203_064123_240_2_SKIRT_VELVET_NAPIER-GREEN_2.jpg',0,41,'2025-12-03 06:41:23'),(334,107,240,'static/uploads/products/20251203_064123_240_3_SKIRT_VELVET_NAPIER-GREEN_4.jpg',0,45,'2025-12-03 06:41:23'),(335,107,240,'static/uploads/products/20251203_064123_240_4_SKIRT_VELVET_NAPIER-GREEN_5.jpg',0,50,'2025-12-03 06:41:23'),(336,107,240,'static/uploads/products/20251203_064123_240_5_SKIRT_VELVET_NAPIER-GREEN_6.jpg',0,56,'2025-12-03 06:41:23'),(337,107,241,'static/uploads/products/20251203_064123_241_0_SKIRT_VELVET_BRIGHT-AQUA_2.jpg',0,57,'2025-12-03 06:41:23'),(338,107,241,'static/uploads/products/20251203_064123_241_1_SKIRT_VELVET_BRIGHT-AQUA_3.jpg',0,59,'2025-12-03 06:41:23'),(339,107,241,'static/uploads/products/20251203_064123_241_2_SKIRT_VELVET_BRIGHT-AQUA_1.jpg',0,62,'2025-12-03 06:41:23'),(340,107,241,'static/uploads/products/20251203_064123_241_3_SKIRT_VELVET_BRIGHT-AQUA_4.jpg',0,66,'2025-12-03 06:41:23'),(341,107,241,'static/uploads/products/20251203_064123_241_4_SKIRT_VELVET_BRIGHT-AQUA_5.jpg',0,71,'2025-12-03 06:41:23'),(342,107,241,'static/uploads/products/20251203_064123_241_5_SKIRT_VELVET_BRIGHT-AQUA_6.jpg',0,77,'2025-12-03 06:41:23'),(343,132,242,'static/uploads/products/20251203_064827_242_0_201690874-2.avif',1,0,'2025-12-03 06:48:27'),(344,132,242,'static/uploads/products/20251203_064827_242_1_201690874-1-black.avif',0,2,'2025-12-03 06:48:27'),(345,132,242,'static/uploads/products/20251203_064827_242_2_201690874-4.avif',0,5,'2025-12-03 06:48:27'),(346,132,242,'static/uploads/products/20251203_064827_242_3_201690874-3.avif',0,9,'2025-12-03 06:48:27'),(347,100,200,'static/uploads/products/20251203_065508_200_0_DRESSES_FISH-TAIL_ORIG_2.jpg',0,0,'2025-12-03 06:55:08'),(348,100,200,'static/uploads/products/20251203_065508_200_1_DRESSES_FISH-TAIL_ORIG_1.jpg',0,1,'2025-12-03 06:55:08'),(349,100,200,'static/uploads/products/20251203_065508_200_2_DRESSES_FISH-TAIL_ORIG_3.jpg',0,2,'2025-12-03 06:55:08'),(350,100,200,'static/uploads/products/20251203_065508_200_3_DRESSES_FISH-TAIL_ORIG_4.jpg',0,3,'2025-12-03 06:55:08'),(351,135,243,'static/uploads/products/20251203_075402_243_0_208446047-1-greenstripe.avif',1,0,'2025-12-03 07:54:02'),(352,135,243,'static/uploads/products/20251203_075402_243_1_208446047-2.avif',0,2,'2025-12-03 07:54:02'),(353,135,243,'static/uploads/products/20251203_075402_243_2_208446047-3.avif',0,5,'2025-12-03 07:54:02'),(354,135,243,'static/uploads/products/20251203_075402_243_3_208446047-4.avif',0,9,'2025-12-03 07:54:02'),(355,135,244,'static/uploads/products/20251203_075402_244_0_208446047-1-greenstripe.avif',0,10,'2025-12-03 07:54:02'),(356,135,244,'static/uploads/products/20251203_075402_244_1_208446047-2.avif',0,12,'2025-12-03 07:54:02'),(357,135,244,'static/uploads/products/20251203_075402_244_2_208446047-3.avif',0,15,'2025-12-03 07:54:02'),(358,135,244,'static/uploads/products/20251203_075402_244_3_208446047-4.avif',0,19,'2025-12-03 07:54:02'),(359,135,245,'static/uploads/products/20251203_075402_245_0_208446047-1-greenstripe.avif',0,20,'2025-12-03 07:54:02'),(360,135,245,'static/uploads/products/20251203_075402_245_1_208446047-2.avif',0,22,'2025-12-03 07:54:02'),(361,135,245,'static/uploads/products/20251203_075402_245_2_208446047-4.avif',0,25,'2025-12-03 07:54:02'),(362,135,245,'static/uploads/products/20251203_075402_245_3_208446047-3.avif',0,29,'2025-12-03 07:54:02'),(363,125,246,'static/uploads/products/20251203_075600_246_0_YOGA-PANTS_SAYLHWP_ORIG_5.jpg',1,0,'2025-12-03 07:56:00'),(364,125,246,'static/uploads/products/20251203_075600_246_1_YOGA-PANTS_SAYLHWP_ORIG_1.jpg',0,2,'2025-12-03 07:56:00'),(365,125,246,'static/uploads/products/20251203_075600_246_2_YOGA-PANTS_SAYLHWP_ORIG_2.jpg',0,5,'2025-12-03 07:56:00'),(366,125,246,'static/uploads/products/20251203_075600_246_3_YOGA-PANTS_SAYLHWP_ORIG_3.jpg',0,9,'2025-12-03 07:56:00'),(367,125,246,'static/uploads/products/20251203_075600_246_4_YOGA-PANTS_SAYLHWP_ORIG_4.jpg',0,14,'2025-12-03 07:56:00'),(368,125,246,'static/uploads/products/20251203_075600_246_5_YOGA-PANTS_SAYLHWP_ORIG_6.jpg',0,20,'2025-12-03 07:56:00'),(369,125,247,'static/uploads/products/20251203_075600_247_0_YOGA-PANTS_SAYLHWP_ORIG_2.jpg',0,21,'2025-12-03 07:56:00'),(370,125,247,'static/uploads/products/20251203_075600_247_1_YOGA-PANTS_SAYLHWP_ORIG_1.jpg',0,23,'2025-12-03 07:56:00'),(371,125,247,'static/uploads/products/20251203_075600_247_2_YOGA-PANTS_SAYLHWP_ORIG_3.jpg',0,26,'2025-12-03 07:56:00'),(372,125,247,'static/uploads/products/20251203_075600_247_3_YOGA-PANTS_SAYLHWP_ORIG_4.jpg',0,30,'2025-12-03 07:56:00'),(373,125,247,'static/uploads/products/20251203_075600_247_4_YOGA-PANTS_SAYLHWP_ORIG_5.jpg',0,35,'2025-12-03 07:56:00'),(374,125,247,'static/uploads/products/20251203_075600_247_5_YOGA-PANTS_SAYLHWP_ORIG_6.jpg',0,41,'2025-12-03 07:56:00'),(375,125,248,'static/uploads/products/20251203_075600_248_0_YOGA-PANTS_SAYLHWP_ORIG_1.jpg',0,42,'2025-12-03 07:56:00'),(376,125,248,'static/uploads/products/20251203_075600_248_1_YOGA-PANTS_SAYLHWP_ORIG_2.jpg',0,44,'2025-12-03 07:56:00'),(377,125,248,'static/uploads/products/20251203_075600_248_2_YOGA-PANTS_SAYLHWP_ORIG_3.jpg',0,47,'2025-12-03 07:56:00'),(378,125,248,'static/uploads/products/20251203_075600_248_3_YOGA-PANTS_SAYLHWP_ORIG_5.jpg',0,51,'2025-12-03 07:56:00'),(379,125,248,'static/uploads/products/20251203_075600_248_4_YOGA-PANTS_SAYLHWP_ORIG_4.jpg',0,56,'2025-12-03 07:56:00'),(380,125,248,'static/uploads/products/20251203_075600_248_5_YOGA-PANTS_SAYLHWP_ORIG_6.jpg',0,62,'2025-12-03 07:56:00'),(381,120,249,'static/uploads/products/20251203_080013_249_0_YOGA-PANTS_X-ROSE-WHITELEY_ORIG_1.jpg',1,0,'2025-12-03 08:00:13'),(382,120,249,'static/uploads/products/20251203_080013_249_1_YOGA-PANTS_X-ROSE-WHITELEY_ORIG_2.jpg',0,2,'2025-12-03 08:00:13'),(383,120,249,'static/uploads/products/20251203_080013_249_2_YOGA-PANTS_X-ROSE-WHITELEY_ORIG_3.jpg',0,5,'2025-12-03 08:00:13'),(384,120,249,'static/uploads/products/20251203_080013_249_3_YOGA-PANTS_X-ROSE-WHITELEY_ORIG_4.jpg',0,9,'2025-12-03 08:00:13'),(385,120,249,'static/uploads/products/20251203_080013_249_4_YOGA-PANTS_X-ROSE-WHITELEY_ORIG_6.jpg',0,14,'2025-12-03 08:00:13'),(386,120,249,'static/uploads/products/20251203_080013_249_5_YOGA-PANTS_X-ROSE-WHITELEY_ORIG_5.jpg',0,20,'2025-12-03 08:00:13'),(387,150,250,'static/uploads/products/20251203_080221_250_0_7.111_-_Copy.jpg',1,0,'2025-12-03 08:02:21'),(388,150,250,'static/uploads/products/20251203_080221_250_1_7.111.jpg',0,2,'2025-12-03 08:02:21'),(389,150,250,'static/uploads/products/20251203_080221_250_2_7.1111_-_Copy.jpg',0,5,'2025-12-03 08:02:21'),(390,150,250,'static/uploads/products/20251203_080221_250_3_BND_7.1.jpg',0,9,'2025-12-03 08:02:21'),(391,150,250,'static/uploads/products/20251203_080221_250_4_7.1111.jpg',0,14,'2025-12-03 08:02:21'),(392,149,251,'static/uploads/products/20251203_080744_251_0_COATS_OLIO_ORIG_1.jpg',1,0,'2025-12-03 08:07:44'),(393,149,251,'static/uploads/products/20251203_080744_251_1_COATS_OLIO_ORIG_2.jpg',0,2,'2025-12-03 08:07:44'),(394,149,251,'static/uploads/products/20251203_080744_251_2_COATS_OLIO_ORIG_3.jpg',0,5,'2025-12-03 08:07:44'),(395,149,251,'static/uploads/products/20251203_080744_251_3_COATS_OLIO_ORIG_4.jpg',0,9,'2025-12-03 08:07:44'),(396,149,252,'static/uploads/products/20251203_080744_252_0_COATS_OLIO_ORIG_1.jpg',0,10,'2025-12-03 08:07:44'),(397,149,252,'static/uploads/products/20251203_080744_252_1_COATS_OLIO_ORIG_2.jpg',0,12,'2025-12-03 08:07:44'),(398,149,252,'static/uploads/products/20251203_080744_252_2_COATS_OLIO_ORIG_3.jpg',0,15,'2025-12-03 08:07:44'),(399,149,252,'static/uploads/products/20251203_080744_252_3_COATS_OLIO_ORIG_4.jpg',0,19,'2025-12-03 08:07:44'),(400,149,253,'static/uploads/products/20251203_080744_253_0_COATS_OLIO_ORIG_1.jpg',0,20,'2025-12-03 08:07:44'),(401,149,253,'static/uploads/products/20251203_080744_253_1_COATS_OLIO_ORIG_2.jpg',0,22,'2025-12-03 08:07:44'),(402,149,253,'static/uploads/products/20251203_080744_253_2_COATS_OLIO_ORIG_3.jpg',0,25,'2025-12-03 08:07:44'),(403,149,253,'static/uploads/products/20251203_080744_253_3_COATS_OLIO_ORIG_4.jpg',0,29,'2025-12-03 08:07:44'),(404,109,254,'static/uploads/products/20251203_081103_254_0_SKIRTS_CMS_CLOUDY-BLUE_1.jpg',1,0,'2025-12-03 08:11:03'),(405,109,254,'static/uploads/products/20251203_081103_254_1_SKIRTS_CMS_CLOUDY-BLUE_5.jpg',0,2,'2025-12-03 08:11:03'),(406,109,254,'static/uploads/products/20251203_081103_254_2_SKIRTS_CMS_CLOUDY-BLUE_2.jpg',0,5,'2025-12-03 08:11:03'),(407,109,254,'static/uploads/products/20251203_081103_254_3_SKIRTS_CMS_CLOUDY-BLUE_4.jpg',0,9,'2025-12-03 08:11:03'),(408,109,254,'static/uploads/products/20251203_081103_254_4_SKIRTS_CMS_CLOUDY-BLUE_3.jpg',0,14,'2025-12-03 08:11:03'),(409,109,255,'static/uploads/products/20251203_081103_255_0_SKIRTS_CMS_GREY-GOOSE_1.jpg',0,15,'2025-12-03 08:11:03'),(410,109,255,'static/uploads/products/20251203_081103_255_1_SKIRTS_CMS_GREY-GOOSE_5.jpg',0,17,'2025-12-03 08:11:03'),(411,109,255,'static/uploads/products/20251203_081103_255_2_SKIRTS_CMS_GREY-GOOSE_4.jpg',0,20,'2025-12-03 08:11:03'),(412,109,255,'static/uploads/products/20251203_081103_255_3_SKIRTS_CMS_GREY-GOOSE_6.jpg',0,24,'2025-12-03 08:11:03'),(413,109,255,'static/uploads/products/20251203_081103_255_4_SKIRTS_CMS_GREY-GOOSE_3.jpg',0,29,'2025-12-03 08:11:03'),(414,109,255,'static/uploads/products/20251203_081103_255_5_SKIRTS_CMS_GREY-GOOSE_2.jpg',0,35,'2025-12-03 08:11:03'),(415,109,256,'static/uploads/products/20251203_081103_256_0_SKIRTS_CMS_LIGHT-JADE_1.jpg',0,36,'2025-12-03 08:11:03'),(416,109,256,'static/uploads/products/20251203_081103_256_1_SKIRTS_CMS_LIGHT-JADE_6.jpg',0,38,'2025-12-03 08:11:03'),(417,109,256,'static/uploads/products/20251203_081103_256_2_SKIRTS_CMS_LIGHT-JADE_4.jpg',0,41,'2025-12-03 08:11:03'),(418,109,256,'static/uploads/products/20251203_081103_256_3_SKIRTS_CMS_LIGHT-JADE_3.jpg',0,45,'2025-12-03 08:11:03'),(419,109,256,'static/uploads/products/20251203_081103_256_4_SKIRTS_CMS_LIGHT-JADE_2.jpg',0,50,'2025-12-03 08:11:03'),(420,109,256,'static/uploads/products/20251203_081103_256_5_SKIRTS_CMS_LIGHT-JADE_5.jpg',0,56,'2025-12-03 08:11:03'),(421,109,257,'static/uploads/products/20251203_081103_257_0_SKIRTS_CMS_ORIG_1.jpg',0,57,'2025-12-03 08:11:03'),(422,109,257,'static/uploads/products/20251203_081103_257_1_SKIRTS_CMS_ORIG_2.jpg',0,59,'2025-12-03 08:11:03'),(423,109,257,'static/uploads/products/20251203_081103_257_2_SKIRTS_CMS_ORIG_6.jpg',0,62,'2025-12-03 08:11:03'),(424,109,257,'static/uploads/products/20251203_081103_257_3_SKIRTS_CMS_ORIG_5.jpg',0,66,'2025-12-03 08:11:03'),(425,109,257,'static/uploads/products/20251203_081103_257_4_SKIRTS_CMS_ORIG_3.jpg',0,71,'2025-12-03 08:11:03'),(426,109,257,'static/uploads/products/20251203_081103_257_5_SKIRTS_CMS_ORIG_4.jpg',0,77,'2025-12-03 08:11:03'),(427,134,258,'static/uploads/products/20251203_081313_258_0_205554080-1-black.avif',1,0,'2025-12-03 08:13:13'),(428,134,258,'static/uploads/products/20251203_081313_258_1_205554080-3.avif',0,2,'2025-12-03 08:13:13'),(429,134,258,'static/uploads/products/20251203_081313_258_2_205554080-4.avif',0,5,'2025-12-03 08:13:13'),(430,134,258,'static/uploads/products/20251203_081313_258_3_205554080-2.avif',0,9,'2025-12-03 08:13:13'),(431,134,259,'static/uploads/products/20251203_081313_259_0_205554080-1-black.avif',0,10,'2025-12-03 08:13:13'),(432,134,259,'static/uploads/products/20251203_081313_259_1_205554080-3.avif',0,12,'2025-12-03 08:13:13'),(433,134,259,'static/uploads/products/20251203_081313_259_2_205554080-2.avif',0,15,'2025-12-03 08:13:13'),(434,134,259,'static/uploads/products/20251203_081313_259_3_205554080-4.avif',0,19,'2025-12-03 08:13:13'),(435,144,260,'static/uploads/products/20251203_082329_260_0_JACKETS_BRIAR_ORIG_1.jpg',1,0,'2025-12-03 08:23:29'),(436,144,260,'static/uploads/products/20251203_082329_260_1_JACKETS_BRIAR_ORIG_5.jpg',0,2,'2025-12-03 08:23:29'),(437,144,260,'static/uploads/products/20251203_082329_260_2_JACKETS_BRIAR_ORIG_2.jpg',0,5,'2025-12-03 08:23:29'),(438,144,260,'static/uploads/products/20251203_082329_260_3_JACKETS_BRIAR_ORIG_4.jpg',0,9,'2025-12-03 08:23:29'),(439,144,260,'static/uploads/products/20251203_082329_260_4_JACKETS_BRIAR_ORIG_3.jpg',0,14,'2025-12-03 08:23:29'),(440,144,261,'static/uploads/products/20251203_082329_261_0_JACKETS_BRIAR_PORTLAND-ORANGE_1.jpg',0,15,'2025-12-03 08:23:29'),(441,144,261,'static/uploads/products/20251203_082329_261_1_JACKETS_BRIAR_PORTLAND-ORANGE_5.jpg',0,17,'2025-12-03 08:23:29'),(442,144,261,'static/uploads/products/20251203_082329_261_2_JACKETS_BRIAR_PORTLAND-ORANGE_4.jpg',0,20,'2025-12-03 08:23:29'),(443,144,261,'static/uploads/products/20251203_082329_261_3_JACKETS_BRIAR_PORTLAND-ORANGE_2.jpg',0,24,'2025-12-03 08:23:29'),(444,144,261,'static/uploads/products/20251203_082329_261_4_JACKETS_BRIAR_PORTLAND-ORANGE_3.jpg',0,29,'2025-12-03 08:23:29'),(445,144,262,'static/uploads/products/20251203_082329_262_0_JACKETS_BRIAR_ELECTRIC-PURPLE_1.jpg',0,30,'2025-12-03 08:23:29'),(446,144,262,'static/uploads/products/20251203_082329_262_1_JACKETS_BRIAR_ELECTRI-PURPLE_2.jpg',0,32,'2025-12-03 08:23:29'),(447,144,262,'static/uploads/products/20251203_082329_262_2_JACKETS_BRIAR_ELECTRIC-PURPLE_3.jpg',0,35,'2025-12-03 08:23:29'),(448,144,262,'static/uploads/products/20251203_082329_262_3_JACKETS_BRIAR_ELECTRIC-PURPLE_4.jpg',0,39,'2025-12-03 08:23:29'),(449,144,262,'static/uploads/products/20251203_082329_262_4_JACKETS_BRIAR_ELECTRIC-PURPLE_5.jpg',0,44,'2025-12-03 08:23:29'),(450,144,263,'static/uploads/products/20251203_082329_263_0_JACKETS_BRIAR_POWDER-ASH_1.jpg',0,45,'2025-12-03 08:23:29'),(451,144,263,'static/uploads/products/20251203_082329_263_1_JACKETS_BRIAR_POWDER-ASH_5.jpg',0,47,'2025-12-03 08:23:29'),(452,144,263,'static/uploads/products/20251203_082329_263_2_JACKETS_BRIAR_POWDER-ASH_4.jpg',0,50,'2025-12-03 08:23:29'),(453,144,263,'static/uploads/products/20251203_082329_263_3_JACKETS_BRIAR_POWDER-ASH_3.jpg',0,54,'2025-12-03 08:23:29'),(454,144,263,'static/uploads/products/20251203_082329_263_4_JACKETS_BRIAR_POWDER-ASH_2.jpg',0,59,'2025-12-03 08:23:29'),(455,153,264,'static/uploads/products/20251203_083201_264_0_HOKF-MZ29_V1.avif',1,0,'2025-12-03 08:32:01'),(456,153,264,'static/uploads/products/20251203_083201_264_1_HOKF-MZ29_V5.webp',0,2,'2025-12-03 08:32:01'),(457,153,264,'static/uploads/products/20251203_083201_264_2_HOKF-MZ29_V6.avif',0,5,'2025-12-03 08:32:01'),(458,153,264,'static/uploads/products/20251203_083201_264_3_HOKF-MZ29_V2.avif',0,9,'2025-12-03 08:32:01'),(459,153,264,'static/uploads/products/20251203_083201_264_4_HOKF-MZ29_V3.avif',0,14,'2025-12-03 08:32:01'),(460,153,264,'static/uploads/products/20251203_083201_264_5_HOKF-MZ29_V4.avif',0,20,'2025-12-03 08:32:01'),(461,113,265,'static/uploads/products/20251203_084241_265_0_17054445_76_B.avif',1,0,'2025-12-03 08:42:41'),(462,113,265,'static/uploads/products/20251203_084241_265_1_17054445_76.avif',0,2,'2025-12-03 08:42:41'),(463,113,265,'static/uploads/products/20251203_084241_265_2_17054445_76_R.avif',0,5,'2025-12-03 08:42:41'),(464,113,265,'static/uploads/products/20251203_084241_265_3_17054445_76-99999999_01.avif',0,9,'2025-12-03 08:42:41'),(465,113,265,'static/uploads/products/20251203_084241_265_4_17054445_76_D0.webp',0,14,'2025-12-03 08:42:41'),(466,113,265,'static/uploads/products/20251203_084241_265_5_17054445_76_D1.avif',0,20,'2025-12-03 08:42:41'),(467,113,265,'static/uploads/products/20251203_084241_265_6_17054445_76_D2.avif',0,27,'2025-12-03 08:42:41'),(468,113,265,'static/uploads/products/20251203_084241_265_7_17054445_76_D8.avif',0,35,'2025-12-03 08:42:41'),(469,113,266,'static/uploads/products/20251203_084241_266_0_17054445_76_B.avif',0,36,'2025-12-03 08:42:41'),(470,113,266,'static/uploads/products/20251203_084241_266_1_17054445_76.avif',0,38,'2025-12-03 08:42:41'),(471,113,266,'static/uploads/products/20251203_084241_266_2_17054445_76_D1.avif',0,41,'2025-12-03 08:42:41'),(472,113,266,'static/uploads/products/20251203_084241_266_3_17054445_76_R.avif',0,45,'2025-12-03 08:42:41'),(473,113,266,'static/uploads/products/20251203_084241_266_4_17054445_76-99999999_01.avif',0,50,'2025-12-03 08:42:41'),(474,113,266,'static/uploads/products/20251203_084241_266_5_17054445_76_D2.avif',0,56,'2025-12-03 08:42:41'),(475,113,266,'static/uploads/products/20251203_084241_266_6_17054445_76_D0.webp',0,63,'2025-12-03 08:42:41'),(476,113,266,'static/uploads/products/20251203_084241_266_7_17054445_76_D8.avif',0,71,'2025-12-03 08:42:41'),(477,113,267,'static/uploads/products/20251203_084241_267_0_17054445_76_B.avif',0,72,'2025-12-03 08:42:41'),(478,113,267,'static/uploads/products/20251203_084241_267_1_17054445_76.avif',0,74,'2025-12-03 08:42:41'),(479,113,267,'static/uploads/products/20251203_084241_267_2_17054445_76_R.avif',0,77,'2025-12-03 08:42:41'),(480,113,267,'static/uploads/products/20251203_084241_267_3_17054445_76_D1.avif',0,81,'2025-12-03 08:42:41'),(481,113,267,'static/uploads/products/20251203_084241_267_4_17054445_76-99999999_01.avif',0,86,'2025-12-03 08:42:41'),(482,113,267,'static/uploads/products/20251203_084241_267_5_17054445_76_D0.webp',0,92,'2025-12-03 08:42:41'),(483,113,267,'static/uploads/products/20251203_084241_267_6_17054445_76_D2.avif',0,99,'2025-12-03 08:42:41'),(484,113,267,'static/uploads/products/20251203_084241_267_7_17054445_76_D8.avif',0,107,'2025-12-03 08:42:41');

/*Table structure for table `product_reviews` */

DROP TABLE IF EXISTS `product_reviews`;

CREATE TABLE `product_reviews` (
  `review_id` int(11) NOT NULL AUTO_INCREMENT,
  `product_id` int(11) NOT NULL,
  `buyer_id` int(11) NOT NULL,
  `order_id` int(11) NOT NULL,
  `rating` int(11) NOT NULL CHECK (`rating` >= 1 and `rating` <= 5),
  `review_text` text DEFAULT NULL,
  `created_at` timestamp NOT NULL DEFAULT current_timestamp(),
  PRIMARY KEY (`review_id`),
  KEY `order_id` (`order_id`),
  KEY `idx_product_id` (`product_id`),
  KEY `idx_buyer_id` (`buyer_id`),
  CONSTRAINT `product_reviews_ibfk_1` FOREIGN KEY (`product_id`) REFERENCES `products` (`product_id`) ON DELETE CASCADE,
  CONSTRAINT `product_reviews_ibfk_2` FOREIGN KEY (`buyer_id`) REFERENCES `buyers` (`buyer_id`) ON DELETE CASCADE,
  CONSTRAINT `product_reviews_ibfk_3` FOREIGN KEY (`order_id`) REFERENCES `orders` (`order_id`) ON DELETE CASCADE
) ENGINE=InnoDB AUTO_INCREMENT=250 DEFAULT CHARSET=utf8mb4 COLLATE=utf8mb4_general_ci;

/*Data for the table `product_reviews` */

insert  into `product_reviews`(`review_id`,`product_id`,`buyer_id`,`order_id`,`rating`,`review_text`,`created_at`) values (2,42,8,1,5,'Nice Product!!!','2025-03-01 14:15:56'),(3,41,8,1,5,'Super Beautiful!!!!','2025-03-01 14:15:56'),(6,100,100,200,5,'The Ascension Maxi is an absolute dream. The organic cotton breathes beautifully, and the puffy sleeves add a level of drama that feels both vintage and modern. Truly a refined piece.','2025-09-19 14:15:56'),(7,105,100,200,5,'I needed a staple for my professional wardrobe, and this skirt delivers. The organic wool feels incredibly luxurious against the skin, and the cut is sharp and empowering.','2025-09-18 14:15:56'),(8,104,101,201,5,'Structured perfection. The bamboo fabric is surprisingly soft yet holds its architectural shape wonderfully. It makes me feel like a leader every time I wear it.','2025-09-01 14:15:56'),(9,109,101,201,4,'I love the sustainability angle of the cork leather—it is edgy, chic, and feels very high-end. My only note is that it runs slightly small, but the texture is divine.','2025-09-06 14:15:56'),(10,100,101,300,5,'Absolutely exquisite! The The Ascension Maxi Dress exceeded my expectations.','2025-04-08 14:15:56'),(11,100,102,301,4,'Beautiful and elegant, though it shipping took a while.','2025-05-18 14:15:56'),(12,100,103,302,5,'Finally, luxury that feels good. This piece is timeless and sustainable.','2025-02-01 14:15:56'),(13,100,104,303,5,'The The Ascension Maxi Dress is simply divine. Highly recommend for any occasion.','2025-05-31 14:15:56'),(14,101,100,304,5,'A refined addition to my wardrobe. The craftsmanship is impeccable.','2025-10-28 14:15:56'),(15,101,102,305,4,'I love the Gaia Wrap Gown, very breathable. Just be careful with sizing.','2025-12-01 14:15:56'),(16,101,103,306,5,'Absolutely flattering! The Gaia Wrap Gown exceeded my expectations.','2025-04-06 14:15:56'),(17,101,104,307,4,'Great quality and chic texture. A staple piece.','2025-08-21 14:15:56'),(18,102,100,308,3,'The Seta Evening Slip is okay. It is structured but fabric is delicate.','2025-06-13 14:15:56'),(19,102,101,309,5,'A luxurious addition to my wardrobe. The craftsmanship is impeccable.','2025-05-31 14:15:56'),(20,102,103,310,5,'The Seta Evening Slip is simply elegant. Highly recommend for any occasion.','2025-10-16 14:15:56'),(21,102,104,311,4,'Very timeless, but I wish the packaging was more eco-friendly.','2025-09-13 14:15:56'),(22,103,100,312,5,'Absolutely refined! The Ethereal Garden Midi exceeded my expectations.','2025-03-30 14:15:56'),(23,103,101,313,3,'Decent quality, but expected more breathable vibes for the price.','2025-02-14 14:15:56'),(24,103,102,314,5,'Finally, luxury that feels good. This piece is divine and sustainable.','2025-01-12 14:15:56'),(25,103,104,315,4,'Beautiful and exquisite, though it runs slightly small.','2025-11-01 14:15:56'),(26,104,100,316,5,'A chic addition to my wardrobe. The craftsmanship is impeccable.','2025-03-09 14:15:56'),(27,104,101,317,5,'The Muse Structure Dress is simply flattering. Highly recommend for any occasion.','2025-05-26 14:15:56'),(28,104,102,318,4,'I love the Muse Structure Dress, very timeless. Just be careful with sizing.','2025-08-01 14:15:56'),(29,104,103,319,3,'Nice, but the fit is a bit tricky. Definitely divine material though.','2025-09-24 14:15:56'),(30,105,101,320,5,'Absolutely sustainable! The Velare Pencil Skirt exceeded my expectations.','2024-12-25 14:15:56'),(31,105,102,321,4,'Great quality and breathable texture. A staple piece.','2025-09-25 14:15:56'),(32,105,103,322,5,'Finally, luxury that feels good. This piece is elegant and sustainable.','2025-10-07 14:15:56'),(33,105,104,323,4,'Beautiful and exquisite, though it color is distinct.','2025-09-02 14:15:56'),(34,106,100,324,5,'A refined addition to my wardrobe. The craftsmanship is impeccable.','2025-03-04 14:15:56'),(35,106,102,325,5,'The Boheme Tiered Skirt is simply timeless. Highly recommend for any occasion.','2025-10-26 14:15:56'),(36,106,103,326,3,'The Boheme Tiered Skirt is okay. It is luxurious but runs slightly small.','2025-09-23 14:15:56'),(37,106,104,327,4,'Very divine, but I wish the packaging was more eco-friendly.','2025-04-05 14:15:56'),(38,107,100,328,5,'Absolutely flattering! The Stone Wash Midi exceeded my expectations.','2025-02-06 14:15:56'),(39,107,101,329,4,'I love the Stone Wash Midi, very chic. Just be careful with sizing.','2025-11-09 14:15:56'),(40,107,103,330,5,'Finally, luxury that feels good. This piece is breathable and sustainable.','2025-01-10 14:15:56'),(41,107,104,331,3,'Nice, but the fit is a bit tricky. Definitely elegant material though.','2025-08-11 14:15:56'),(42,108,100,332,5,'A sustainable addition to my wardrobe. The craftsmanship is impeccable.','2025-01-04 14:15:56'),(43,108,101,333,4,'Beautiful and refined, though it shipping took a while.','2025-04-22 14:15:56'),(44,108,102,334,5,'The Silk Breeze Wrap is simply exquisite. Highly recommend for any occasion.','2025-08-10 14:15:56'),(45,108,104,335,5,'Absolutely timeless! The Silk Breeze Wrap exceeded my expectations.','2025-02-16 14:15:56'),(46,109,100,336,4,'Great quality and luxurious texture. A staple piece.','2025-10-28 14:15:56'),(47,109,101,337,5,'Finally, luxury that feels good. This piece is divine and sustainable.','2025-11-06 14:15:56'),(48,109,102,338,3,'Decent quality, but expected more flattering vibes for the price.','2025-10-11 14:15:56'),(49,109,103,339,5,'A breathable addition to my wardrobe. The craftsmanship is impeccable.','2025-06-06 14:15:56'),(50,110,101,340,5,'Absolutely chic! The Luxe Knit Tank exceeded my expectations.','2025-11-06 14:15:56'),(51,110,102,341,4,'I love the Luxe Knit Tank, very elegant. Just be careful with sizing.','2025-01-16 14:15:56'),(52,110,103,342,5,'The Luxe Knit Tank is simply refined. Highly recommend for any occasion.','2025-09-29 14:15:56'),(53,110,104,343,4,'Very sustainable, but I wish the packaging was more eco-friendly.','2025-08-18 14:15:56'),(54,111,100,344,5,'Finally, luxury that feels good. This piece is exquisite and sustainable.','2024-12-18 14:15:56'),(55,111,102,345,5,'A timeless addition to my wardrobe. The craftsmanship is impeccable.','2024-12-23 14:15:56'),(56,111,103,346,3,'The Gaia Asymmetric Top is okay. It is flattering but fabric is delicate.','2025-01-04 14:15:56'),(57,111,104,347,5,'Absolutely breathable! The Gaia Asymmetric Top exceeded my expectations.','2025-04-15 14:15:56'),(58,112,100,348,4,'Beautiful and divine, though it runs slightly small.','2025-05-22 14:15:56'),(59,112,101,349,5,'The Seta Cami is simply luxurious. Highly recommend for any occasion.','2025-02-23 14:15:56'),(60,112,103,350,4,'Great quality and chic texture. A staple piece.','2025-09-07 14:15:56'),(61,112,104,351,5,'Finally, luxury that feels good. This piece is refined and sustainable.','2024-12-19 14:15:56'),(62,113,100,352,5,'A sustainable addition to my wardrobe. The craftsmanship is impeccable.','2025-12-03 14:15:56'),(63,113,101,353,3,'Nice, but the fit is a bit tricky. Definitely elegant material though.','2025-09-18 14:15:56'),(64,113,102,354,5,'Absolutely exquisite! The Structure Crop exceeded my expectations.','2025-11-06 14:15:56'),(65,113,104,355,4,'I love the Structure Crop, very timeless. Just be careful with sizing.','2025-02-23 14:15:56'),(66,114,100,356,5,'The Modern Tunic is simply flattering. Highly recommend for any occasion.','2025-04-22 14:15:56'),(67,114,101,357,4,'Very breathable, but I wish the packaging was more eco-friendly.','2025-02-17 14:15:56'),(68,114,102,358,5,'Finally, luxury that feels good. This piece is divine and sustainable.','2025-10-22 14:15:56'),(69,114,103,359,5,'A refined addition to my wardrobe. The craftsmanship is impeccable.','2025-09-14 14:15:56'),(70,115,101,360,5,'Absolutely luxurious! The Velare Silk Blouse exceeded my expectations.','2025-02-26 14:15:56'),(71,115,102,361,4,'Beautiful and chic, though it color is distinct.','2025-10-02 14:15:56'),(72,115,103,362,5,'The Velare Silk Blouse is simply sustainable. Highly recommend for any occasion.','2025-06-01 14:15:56'),(73,115,104,363,3,'Decent quality, but expected more elegant vibes for the price.','2025-10-13 14:15:56'),(74,116,100,364,5,'Finally, luxury that feels good. This piece is exquisite and sustainable.','2025-10-17 14:15:56'),(75,116,102,365,5,'A timeless addition to my wardrobe. The craftsmanship is impeccable.','2025-09-21 14:15:56'),(76,116,103,366,4,'Great quality and flattering texture. A staple piece.','2025-03-20 14:15:56'),(77,116,104,367,5,'Absolutely breathable! The Ascension Billow Blouse exceeded my expectations.','2024-12-12 14:15:56'),(78,117,100,368,4,'I love the Sheer Panel Blouse, very divine. Just be careful with sizing.','2025-03-16 14:15:56'),(79,117,101,369,5,'The Sheer Panel Blouse is simply refined. Highly recommend for any occasion.','2025-02-26 14:15:56'),(80,117,103,370,5,'Finally, luxury that feels good. This piece is luxurious and sustainable.','2025-04-20 14:15:56'),(81,117,104,371,3,'The Sheer Panel Blouse is okay. It is chic but shipping took a while.','2025-02-01 14:15:56'),(82,118,100,372,5,'A sustainable addition to my wardrobe. The craftsmanship is impeccable.','2025-07-18 14:15:56'),(83,118,101,373,4,'Very elegant, but I wish the packaging was more eco-friendly.','2025-07-25 14:15:56'),(84,118,102,374,5,'Absolutely exquisite! The Embroidered Peasant Blouse exceeded my expectations.','2025-04-22 14:15:56'),(85,118,104,375,5,'The Embroidered Peasant Peasant is simply timeless. Highly recommend for any occasion.','2025-10-22 14:15:56'),(86,119,100,376,4,'Beautiful and flattering, though it runs slightly small.','2025-03-16 14:15:56'),(87,119,101,377,5,'Finally, luxury that feels good. This piece is breathable and sustainable.','2025-09-28 14:15:56'),(88,119,102,378,5,'A divine addition to my wardrobe. The craftsmanship is impeccable.','2025-01-26 14:15:56'),(89,119,103,379,4,'I love the Structured Collar Shirt, very refined. Just be careful with sizing.','2025-03-17 14:15:56'),(90,120,101,380,5,'Absolutely luxurious! The Velocity Performance Top exceeded my expectations.','2025-12-08 14:15:56'),(91,120,102,381,5,'The Velocity Performance Top is simply chic. Highly recommend for any occasion.','2025-01-24 14:15:56'),(92,120,103,382,4,'Great quality and sustainable texture. A staple piece.','2025-08-08 14:15:56'),(93,120,104,383,3,'Nice, but the fit is a bit tricky. Definitely elegant material though.','2025-10-27 14:15:56'),(94,121,100,384,5,'Finally, luxury that feels good. This piece is exquisite and sustainable.','2025-05-19 14:15:56'),(95,121,102,385,4,'Beautiful and timeless, though it fabric is delicate.','2025-07-17 14:15:56'),(96,121,103,386,5,'A flattering addition to my wardrobe. The craftsmanship is impeccable.','2025-08-16 14:15:56'),(97,121,104,387,5,'Absolutely breathable! The Gaia Sport Bra exceeded my expectations.','2025-07-22 14:15:56'),(98,122,100,388,4,'I love the Core Control Tank, very divine. Just be careful with sizing.','2025-11-22 14:15:56'),(99,122,101,389,5,'The Core Control Tank is simply refined. Highly recommend for any occasion.','2024-12-23 14:15:56'),(100,122,103,390,5,'Finally, luxury that feels good. This piece is luxurious and sustainable.','2025-03-07 14:15:56'),(101,122,104,391,3,'Decent quality, but expected more chic vibes for the price.','2025-01-31 14:15:56'),(102,123,100,392,5,'A sustainable addition to my wardrobe. The craftsmanship is impeccable.','2025-11-23 14:15:56'),(103,123,101,393,4,'Very elegant, but I wish the packaging was more eco-friendly.','2025-04-21 14:15:56'),(104,123,102,394,5,'Absolutely exquisite! The Sprint Windbreaker exceeded my expectations.','2025-11-14 14:15:56'),(105,123,104,395,5,'The Sprint Windbreaker is simply timeless. Highly recommend for any occasion.','2025-06-30 14:15:56'),(106,124,100,396,4,'Beautiful and flattering, though it runs slightly small.','2024-12-20 14:15:56'),(107,124,101,397,5,'Finally, luxury that feels good. This piece is breathable and sustainable.','2025-06-21 14:15:56'),(108,124,102,398,5,'A divine addition to my wardrobe. The craftsmanship is impeccable.','2025-06-07 14:15:56'),(109,124,103,399,4,'I love the Flow Crop, very refined. Just be careful with sizing.','2025-10-24 14:15:56'),(110,125,101,400,5,'Absolutely luxurious! The Zen Alignment Leggings exceeded my expectations.','2025-12-03 14:15:56'),(111,125,102,401,5,'The Zen Alignment Leggings is simply chic. Highly recommend for any occasion.','2025-02-11 14:15:56'),(112,125,103,402,4,'Great quality and sustainable texture. A staple piece.','2025-11-26 14:15:56'),(113,125,104,403,5,'Finally, luxury that feels good. This piece is elegant and sustainable.','2025-03-15 14:15:56'),(114,126,100,404,4,'Beautiful and exquisite, though it color is distinct.','2025-06-09 14:15:56'),(115,126,102,405,5,'A timeless addition to my wardrobe. The craftsmanship is impeccable.','2025-08-17 14:15:56'),(116,126,103,406,3,'The Earth Flow Pants is okay. It is flattering but shipping took a while.','2025-10-29 14:15:56'),(117,126,104,407,5,'Absolutely breathable! The Earth Flow Pants exceeded my expectations.','2025-05-04 14:15:56'),(118,127,100,408,5,'Finally, luxury that feels good. This piece is divine and sustainable.','2025-04-25 14:15:56'),(119,127,101,409,4,'I love the Seta Sculpt Leggings, very refined. Just be careful with sizing.','2025-08-08 14:15:56'),(120,127,103,410,5,'The Seta Sculpt Leggings is simply luxurious. Highly recommend for any occasion.','2025-02-10 14:15:56'),(121,127,104,411,4,'Very chic, but I wish the packaging was more eco-friendly.','2025-11-26 14:15:56'),(122,128,100,412,5,'A sustainable addition to my wardrobe. The craftsmanship is impeccable.','2025-02-15 14:15:56'),(123,128,101,413,3,'Nice, but the fit is a bit tricky. Definitely elegant material though.','2025-01-08 14:15:56'),(124,128,102,414,5,'Absolutely exquisite! The Breathe Easy Joggers exceeded my expectations.','2025-09-29 14:15:56'),(125,128,104,415,5,'The Breathe Easy Joggers is simply timeless. Highly recommend for any occasion.','2025-09-28 14:15:56'),(126,129,100,416,4,'Beautiful and flattering, though it runs slightly small.','2025-07-07 14:15:56'),(127,129,101,417,5,'Finally, luxury that feels good. This piece is breathable and sustainable.','2025-06-02 14:15:56'),(128,129,102,418,5,'A divine addition to my wardrobe. The craftsmanship is impeccable.','2025-08-30 14:15:56'),(129,129,103,419,4,'Great quality and refined texture. A staple piece.','2025-01-25 14:15:56'),(130,130,101,420,5,'Absolutely luxurious! The Velare Lace Bralette exceeded my expectations.','2025-06-06 14:15:56'),(131,130,102,421,5,'The Velare Lace Bralette is simply chic. Highly recommend for any occasion.','2025-01-09 14:15:56'),(132,130,103,422,4,'I love the Velare Lace Bralette, very sustainable. Just be careful with sizing.','2025-10-19 14:15:56'),(133,130,104,423,5,'Finally, luxury that feels good. This piece is elegant and sustainable.','2025-01-28 14:15:56'),(134,131,100,424,4,'Beautiful and exquisite, though it fabric is delicate.','2025-01-01 14:15:56'),(135,131,102,425,5,'A timeless addition to my wardrobe. The craftsmanship is impeccable.','2025-11-06 14:15:56'),(136,131,103,426,3,'Decent quality, but expected more flattering vibes for the price.','2025-05-08 14:15:56'),(137,131,104,427,5,'Absolutely breathable! The Gaia Silk Briefs exceeded my expectations.','2025-03-10 14:15:56'),(138,132,100,428,5,'Finally, luxury that feels good. This piece is divine and sustainable.','2025-01-01 14:15:56'),(139,132,101,429,4,'Great quality and refined texture. A staple piece.','2025-07-08 14:15:56'),(140,132,103,430,5,'The Midnight Bodysuit is simply luxurious. Highly recommend for any occasion.','2025-08-03 14:15:56'),(141,132,104,431,4,'Very chic, but I wish the packaging was more eco-friendly.','2025-07-06 14:15:56'),(142,133,100,432,5,'A sustainable addition to my wardrobe. The craftsmanship is impeccable.','2025-10-06 14:15:56'),(143,133,101,433,4,'Beautiful and elegant, though it runs slightly small.','2025-06-06 14:15:56'),(144,133,102,434,5,'Absolutely exquisite! The Ethereal Robe exceeded my expectations.','2025-11-01 14:15:56'),(145,133,104,435,5,'The Ethereal Robe is simply timeless. Highly recommend for any occasion.','2025-01-12 14:15:56'),(146,134,100,436,4,'I love the Muse Corset, very flattering. Just be careful with sizing.','2025-09-01 14:15:56'),(147,134,101,437,5,'Finally, luxury that feels good. This piece is breathable and sustainable.','2025-04-03 14:15:56'),(148,134,102,438,5,'A divine addition to my wardrobe. The craftsmanship is impeccable.','2025-06-10 14:15:56'),(149,134,103,439,4,'Great quality and refined texture. A staple piece.','2025-06-01 14:15:56'),(150,135,101,440,5,'Absolutely luxurious! The Dreamstate Pajama Set exceeded my expectations.','2025-11-28 14:15:56'),(151,135,102,441,5,'The Dreamstate Pajama Set is simply chic. Highly recommend for any occasion.','2025-04-23 14:15:56'),(152,135,103,442,3,'Nice, but the fit is a bit tricky. Definitely sustainable material though.','2025-11-30 14:15:56'),(153,135,104,443,5,'Finally, luxury that feels good. This piece is elegant and sustainable.','2025-08-18 14:15:56'),(154,136,100,444,4,'Beautiful and exquisite, though it color is distinct.','2025-07-22 14:15:56'),(155,136,102,445,5,'A timeless addition to my wardrobe. The craftsmanship is impeccable.','2024-12-16 14:15:56'),(156,136,103,446,5,'Absolutely flattering! The Gaia Nightgown exceeded my expectations.','2025-03-05 14:15:56'),(157,136,104,447,4,'Very breathable, but I wish the packaging was more eco-friendly.','2025-01-29 14:15:56'),(158,137,100,448,5,'Finally, luxury that feels good. This piece is divine and sustainable.','2024-12-12 14:15:56'),(159,137,101,449,4,'I love the Seta Silk Sleep Mask, very refined. Just be careful with sizing.','2025-07-19 14:15:56'),(160,137,103,450,5,'The Seta Silk Sleep Mask is simply luxurious. Highly recommend for any occasion.','2025-12-06 14:15:56'),(161,137,104,451,3,'The Seta Silk Sleep Mask is okay. It is chic but shipping took a while.','2025-01-19 14:15:56'),(162,138,100,452,5,'A sustainable addition to my wardrobe. The craftsmanship is impeccable.','2025-08-02 14:15:56'),(163,138,101,453,4,'Beautiful and elegant, though it runs slightly small.','2025-11-05 14:15:56'),(164,138,102,454,5,'Absolutely exquisite! The Lounge Slip exceeded my expectations.','2025-06-18 14:15:56'),(165,138,104,455,5,'The Lounge Slip is simply timeless. Highly recommend for any occasion.','2025-11-04 14:15:56'),(166,139,100,456,4,'Great quality and flattering texture. A staple piece.','2025-12-11 14:15:56'),(167,139,101,457,5,'Finally, luxury that feels good. This piece is breathable and sustainable.','2025-03-18 14:15:56'),(168,139,102,458,5,'A divine addition to my wardrobe. The craftsmanship is impeccable.','2025-04-05 14:15:56'),(169,139,103,459,4,'I love the Modern Kimono, very refined. Just be careful with sizing.','2025-09-27 14:15:56'),(170,140,101,460,5,'Absolutely luxurious! The Velare Blazer exceeded my expectations.','2025-01-07 14:15:56'),(171,140,102,461,5,'The Velare Blazer is simply chic. Highly recommend for any occasion.','2024-12-18 14:15:56'),(172,140,103,462,5,'Finally, luxury that feels good. This piece is sustainable and sustainable.','2025-10-30 14:15:56'),(173,140,104,463,4,'Very elegant, but I wish the packaging was more eco-friendly.','2025-04-25 14:15:56'),(174,141,100,464,4,'Beautiful and exquisite, though it fabric is delicate.','2025-03-08 14:15:56'),(175,141,102,465,5,'A timeless addition to my wardrobe. The craftsmanship is impeccable.','2025-12-02 14:15:56'),(176,141,103,466,5,'Absolutely flattering! The Gaia Bomber exceeded my expectations.','2025-03-14 14:15:56'),(177,141,104,467,3,'Decent quality, but expected more breathable vibes for the price.','2025-03-22 14:15:56'),(178,142,100,468,5,'Finally, luxury that feels good. This piece is divine and sustainable.','2025-07-29 14:15:56'),(179,142,101,469,4,'Great quality and refined texture. A staple piece.','2025-03-22 14:15:56'),(180,142,103,470,5,'The Seta Denim Jacket is simply luxurious. Highly recommend for any occasion.','2025-07-24 14:15:56'),(181,142,104,471,5,'Absolutely chic! The Seta Denim Jacket exceeded my expectations.','2025-01-31 14:15:56'),(182,143,100,472,4,'I love the Utility Field Jacket, very sustainable. Just be careful with sizing.','2025-11-06 14:15:56'),(183,143,101,473,5,'A sustainable addition to my wardrobe. The craftsmanship is impeccable.','2025-02-07 14:15:56'),(184,143,102,474,4,'Beautiful and elegant, though it runs slightly small.','2025-01-16 14:15:56'),(185,143,104,475,5,'The Utility Field Jacket is simply exquisite. Highly recommend for any occasion.','2025-11-21 14:15:56'),(186,144,100,476,5,'Finally, luxury that feels good. This piece is timeless and sustainable.','2025-06-06 14:15:56'),(187,144,101,477,4,'Very flattering, but I wish the packaging was more eco-friendly.','2025-06-27 14:15:56'),(188,144,102,478,5,'A divine addition to my wardrobe. The craftsmanship is impeccable.','2025-04-17 14:15:56'),(189,144,103,479,4,'Great quality and refined texture. A staple piece.','2025-01-18 14:15:56'),(190,145,101,480,5,'Absolutely luxurious! The The trench exceeded my expectations.','2025-06-06 14:15:56'),(191,145,102,481,5,'The The trench is simply chic. Highly recommend for any occasion.','2025-02-14 14:15:56'),(192,145,103,482,4,'I love the The trench, very sustainable. Just be careful with sizing.','2025-04-07 14:15:56'),(193,145,104,483,5,'Finally, luxury that feels good. This piece is elegant and sustainable.','2025-02-20 14:15:56'),(194,146,100,484,4,'Beautiful and exquisite, though it color is distinct.','2025-11-14 14:15:56'),(195,146,102,485,5,'A timeless addition to my wardrobe. The craftsmanship is impeccable.','2025-02-01 14:15:56'),(196,146,103,486,3,'Nice, but the fit is a bit tricky. Definitely flattering material though.','2025-11-14 14:15:56'),(197,146,104,487,5,'Absolutely breathable! The Gaia Wool Coat exceeded my expectations.','2025-02-26 14:15:56'),(198,147,100,488,5,'Finally, luxury that feels good. This piece is divine and sustainable.','2025-02-27 14:15:56'),(199,147,101,489,4,'Great quality and refined texture. A staple piece.','2025-06-04 14:15:56'),(200,147,103,490,5,'The Seta Rain Mac is simply luxurious. Highly recommend for any occasion.','2025-10-05 14:15:56'),(201,147,104,491,4,'Very chic, but I wish the packaging was more eco-friendly.','2025-07-15 14:15:56'),(202,148,100,492,5,'A sustainable addition to my wardrobe. The craftsmanship is impeccable.','2025-07-07 14:15:56'),(203,148,101,493,4,'Beautiful and elegant, though it runs slightly small.','2025-01-03 14:15:56'),(204,148,102,494,5,'Absolutely exquisite! The Cape Coat exceeded my expectations.','2025-07-16 14:15:56'),(205,148,104,495,5,'The Cape Coat is simply timeless. Highly recommend for any occasion.','2025-10-26 14:15:56'),(206,149,100,496,4,'I love the Teddy Bear Coat, very flattering. Just be careful with sizing.','2025-06-12 14:15:56'),(207,149,101,497,5,'Finally, luxury that feels good. This piece is breathable and sustainable.','2025-10-28 14:15:56'),(208,149,102,498,5,'A divine addition to my wardrobe. The craftsmanship is impeccable.','2025-10-29 14:15:56'),(209,149,103,499,4,'Great quality and refined texture. A staple piece.','2025-09-11 14:15:56'),(210,150,101,500,5,'Absolutely luxurious! The Velare Pump exceeded my expectations.','2025-01-07 14:15:56'),(211,150,102,501,5,'The Velare Pump is simply chic. Highly recommend for any occasion.','2025-03-09 14:15:56'),(212,150,103,502,5,'Finally, luxury that feels good. This piece is sustainable and sustainable.','2025-11-29 14:15:56'),(213,150,104,503,4,'Very elegant, but I wish the packaging was more eco-friendly.','2025-01-18 14:15:56'),(214,151,100,504,4,'Beautiful and exquisite, though it fabric is delicate.','2025-07-19 14:15:56'),(215,151,102,505,5,'A timeless addition to my wardrobe. The craftsmanship is impeccable.','2025-08-22 14:15:56'),(216,151,103,506,5,'Absolutely flattering! The Gaia Sneaker exceeded my expectations.','2025-07-31 14:15:56'),(217,151,104,507,3,'Decent quality, but expected more breathable vibes for the price.','2025-02-11 14:15:56'),(218,152,100,508,5,'Finally, luxury that feels good. This piece is divine and sustainable.','2025-11-29 14:15:56'),(219,152,101,509,4,'Great quality and refined texture. A staple piece.','2025-03-24 14:15:56'),(220,152,103,510,5,'The Seta Loafer is simply luxurious. Highly recommend for any occasion.','2025-05-28 14:15:56'),(221,152,104,511,5,'Absolutely chic! The Seta Loafer exceeded my expectations.','2025-07-13 14:15:56'),(222,153,100,512,4,'I love the Strappy Sandal, very sustainable. Just be careful with sizing.','2025-05-30 14:15:56'),(223,153,101,513,5,'A sustainable addition to my wardrobe. The craftsmanship is impeccable.','2025-07-28 14:15:56'),(224,153,102,514,4,'Beautiful and elegant, though it runs slightly small.','2025-08-09 14:15:56'),(225,153,104,515,5,'The Strappy Sandal is simply exquisite. Highly recommend for any occasion.','2025-06-14 14:15:56'),(226,154,100,516,5,'Finally, luxury that feels good. This piece is timeless and sustainable.','2025-06-15 14:15:56'),(227,154,101,517,4,'Very flattering, but I wish the packaging was more eco-friendly.','2025-01-25 14:15:56'),(228,154,102,518,5,'A divine addition to my wardrobe. The craftsmanship is impeccable.','2025-11-28 14:15:56'),(229,154,103,519,4,'Great quality and refined texture. A staple piece.','2025-06-28 14:15:56'),(230,155,101,520,5,'Absolutely luxurious! The Velare Tote exceeded my expectations.','2025-10-08 14:15:56'),(231,155,102,521,5,'The Velare Tote is simply chic. Highly recommend for any occasion.','2025-06-14 14:15:56'),(232,155,103,522,4,'I love the Velare Tote, very sustainable. Just be careful with sizing.','2024-12-30 14:15:56'),(233,155,104,523,5,'Finally, luxury that feels good. This piece is elegant and sustainable.','2025-09-23 14:15:56'),(234,156,100,524,4,'Beautiful and exquisite, though it color is distinct.','2025-08-20 14:15:56'),(235,156,102,525,5,'A timeless addition to my wardrobe. The craftsmanship is impeccable.','2025-01-04 14:15:56'),(236,156,103,526,3,'Nice, but the fit is a bit tricky. Definitely flattering material though.','2025-04-25 14:15:56'),(237,156,104,527,5,'Absolutely breathable! The Gaia Silk Scarf exceeded my expectations.','2025-07-19 14:15:56'),(238,157,100,528,5,'Finally, luxury that feels good. This piece is divine and sustainable.','2025-11-02 14:15:56'),(239,157,101,529,4,'Great quality and refined texture. A staple piece.','2025-09-01 14:15:56'),(240,157,103,530,5,'The Seta Belt is simply luxurious. Highly recommend for any occasion.','2025-11-11 14:15:56'),(241,157,104,531,4,'Very chic, but I wish the packaging was more eco-friendly.','2025-06-02 14:15:56'),(242,158,100,532,5,'A sustainable addition to my wardrobe. The craftsmanship is impeccable.','2025-08-05 14:15:56'),(243,158,101,533,4,'Beautiful and elegant, though it runs slightly small.','2025-10-02 14:15:56'),(244,158,102,534,5,'Absolutely exquisite! The Woven Hat exceeded my expectations.','2025-01-17 14:15:56'),(245,158,104,535,5,'The Woven Hat is simply timeless. Highly recommend for any occasion.','2025-01-11 14:15:56'),(246,159,100,536,4,'I love the Clutch Bag, very flattering. Just be careful with sizing.','2025-02-13 14:15:56'),(247,159,101,537,5,'Finally, luxury that feels good. This piece is breathable and sustainable.','2025-07-12 14:15:56'),(248,159,102,538,5,'A divine addition to my wardrobe. The craftsmanship is impeccable.','2025-05-09 14:15:56'),(249,159,103,539,4,'Great quality and refined texture. A staple piece.','2025-03-19 14:15:56');

/*Table structure for table `product_variants` */

DROP TABLE IF EXISTS `product_variants`;

CREATE TABLE `product_variants` (
  `variant_id` int(11) NOT NULL AUTO_INCREMENT,
  `product_id` int(11) NOT NULL,
  `color` varchar(50) DEFAULT NULL,
  `hex_code` varchar(7) DEFAULT NULL,
  `size` varchar(20) DEFAULT NULL,
  `stock_quantity` int(11) DEFAULT 0,
  `image_url` varchar(255) DEFAULT NULL,
  `created_at` timestamp NOT NULL DEFAULT current_timestamp(),
  PRIMARY KEY (`variant_id`),
  KEY `idx_product_id` (`product_id`),
  KEY `idx_image_url` (`image_url`),
  CONSTRAINT `product_variants_ibfk_1` FOREIGN KEY (`product_id`) REFERENCES `products` (`product_id`) ON DELETE CASCADE
) ENGINE=InnoDB AUTO_INCREMENT=268 DEFAULT CHARSET=utf8mb4 COLLATE=utf8mb4_general_ci;

/*Data for the table `product_variants` */

insert  into `product_variants`(`variant_id`,`product_id`,`color`,`hex_code`,`size`,`stock_quantity`,`image_url`,`created_at`) values (106,41,'Bon Jour','#ece7eb','XS',0,'static/uploads/products/20251116_135107_2_HLSA-WS189_V2.webp','2025-11-16 13:51:07'),(107,41,'Bon Jour','#ece7eb','S',93,'static/uploads/products/20251116_135107_0_HLSA-WS189_V4.avif','2025-11-16 13:51:07'),(108,41,'Bon Jour','#ece7eb','M',100,'static/uploads/products/20251116_135107_0_HLSA-WS189_V4.avif','2025-11-16 13:51:07'),(109,41,'Bon Jour','#ece7eb','L',98,'static/uploads/products/20251116_135107_0_HLSA-WS189_V4.avif','2025-11-16 13:51:07'),(110,42,'Gallery','#ededed','XS',0,'static/uploads/products/20251116_135910_0_ATTF-WS142_V2.avif','2025-11-16 13:59:10'),(111,42,'Gallery','#ededed','S',97,'static/uploads/products/20251116_135910_0_ATTF-WS142_V2.avif','2025-11-16 13:59:10'),(112,42,'Gallery','#ededed','M',90,'static/uploads/products/20251116_135910_0_ATTF-WS142_V2.avif','2025-11-16 13:59:10'),(113,42,'Gallery','#ededed','XXL',99,'static/uploads/products/20251116_135910_0_ATTF-WS142_V2.avif','2025-11-16 13:59:10'),(114,42,'Gallery','#ededed','L',99993,'static/uploads/products/20251116_135910_0_ATTF-WS142_V2.avif','2025-11-16 13:59:10'),(200,100,'Cream','#FFFDD0','S',50,'static/uploads/products/20251203_065508_200_3_DRESSES_FISH-TAIL_ORIG_4.jpg','2025-12-01 13:13:21'),(201,100,'Cream','#FFFDD0','M',50,'static/uploads/products/dress_ascension_cream.jpg','2025-12-01 13:13:21'),(202,100,'Cream','#FFFDD0','L',50,'static/uploads/products/dress_ascension_cream.jpg','2025-12-01 13:13:21'),(203,101,'Petrol','#005F6A','S',30,'static/uploads/products/dress_gaia_petrol.jpg','2025-12-01 13:13:21'),(204,101,'Petrol','#005F6A','M',35,'static/uploads/products/dress_gaia_petrol.jpg','2025-12-01 13:13:21'),(207,103,'Floral','#FFC0CB','OneSize',20,'static/uploads/products/dress_garden_floral.jpg','2025-12-01 13:13:21'),(208,104,'Charcoal','#36454F','M',15,'static/uploads/products/dress_muse_charcoal.jpg','2025-12-01 13:13:21'),(209,105,'Navy','#000080','M',60,'static/uploads/products/skirt_velare_navy.jpg','2025-12-01 13:13:21'),(210,106,'Sage','#9DC183','S',45,'static/uploads/products/skirt_boheme_sage.jpg','2025-12-01 13:13:21'),(211,110,'White','#FFFFFF','S',200,'static/uploads/products/top_knit_white.jpg','2025-12-01 13:13:21'),(212,110,'White','#FFFFFF','M',200,'static/uploads/products/top_knit_white.jpg','2025-12-01 13:13:21'),(213,115,'Ivory','#FFFFF0','M',80,'static/uploads/products/20251202_154956_213_0_SLAU-WS462_V5-fotor-20251122211526.jpg','2025-12-01 13:13:21'),(214,116,'Palm Floral','#FFFAF0','S',40,'static/uploads/products/blouse_billow_floral.jpg','2025-12-01 13:13:21'),(215,115,'Observatory','#05875f','M',15,'static/uploads/products/20251202_155207_215_0_SLAU-WS462_V3-fotor-2025112219252.jpg','2025-12-02 15:52:07'),(216,115,'Disco','#841a5c','M',25,'static/uploads/products/20251202_155207_216_0_SLAU-WS462_V3-fotor-2025112221133.jpg','2025-12-02 15:52:07'),(217,115,'Cloud Burst','#23395d','M',25,'static/uploads/products/20251202_155207_217_0_SLAU-WS462_V3.jpg','2025-12-02 15:52:07'),(218,115,'Pine Green','#148180','M',30,'static/uploads/products/20251202_155207_218_0_SLAU-WS462_V3-fotor-20251122212153.jpg','2025-12-02 15:52:07'),(219,157,'Black','#000000','One Size',15,'static/uploads/products/20251203_061608_219_1_DCHF-WA19_V3.avif','2025-12-03 06:16:08'),(220,157,'Elm','#1b6165','One Size',45,'static/uploads/products/20251203_061608_220_0_BND_14.11.jpg','2025-12-03 06:16:08'),(221,157,'Lotus','#804148','One Size',15,'static/uploads/products/20251203_061608_221_0_BND_14.3.jpg','2025-12-03 06:16:08'),(222,157,'Desert','#a86d25','One Size',25,'static/uploads/products/20251203_061608_222_0_BND_14.22.jpg','2025-12-03 06:16:08'),(223,102,'Steel Blue','#017eb8','S',20,'static/uploads/products/20251203_062727_223_0_DRESS_LUNA-DRAPED_BLUISH-CYAN_2.jpg','2025-12-03 06:27:27'),(224,102,'Steel Blue','#017eb8','M',20,'static/uploads/products/20251203_062727_224_0_DRESS_LUNA-DRAPED_BLUISH-CYAN_2.jpg','2025-12-03 06:27:27'),(225,102,'Steel Blue','#017eb8','L',25,'static/uploads/products/20251203_062727_225_0_DRESS_LUNA-DRAPED_BLUISH-CYAN_1.jpg','2025-12-03 06:27:27'),(226,102,'Eggplant','#6f576d','S',20,'static/uploads/products/20251203_062727_226_0_DRESS_LUNA-DRAPED_ORIG_1.jpg','2025-12-03 06:27:27'),(227,102,'Eggplant','#6f576d','M',20,'static/uploads/products/20251203_062727_227_0_DRESS_LUNA-DRAPED_ORIG_1.jpg','2025-12-03 06:27:27'),(228,102,'Regent Gray','#8b969c','S',20,'static/uploads/products/20251203_062727_228_0_DRESS_LUNA-DRAPED_OSLO-GREY_1.jpg','2025-12-03 06:27:27'),(229,102,'Lipstick','#bd0263','M',25,'static/uploads/products/20251203_062727_229_0_DRESS_LUNA-DRAPED_PERSIAN-ROSE_1.jpg','2025-12-03 06:27:27'),(230,152,'Thunder','#282627','6.5',25,'static/uploads/products/20251203_063319_230_0_SLAU-WZ1028_V1.avif','2025-12-03 06:33:19'),(231,152,'Thunder','#282627','7.5',25,'static/uploads/products/20251203_063319_231_0_SLAU-WZ1028_V1.avif','2025-12-03 06:33:19'),(232,152,'Mulberry Wood','#500327','8',25,'static/uploads/products/20251203_063319_232_0_6.33.jpg','2025-12-03 06:33:19'),(233,152,'Midnight','#001d40','8',25,'static/uploads/products/20251203_063319_233_0_6.22.jpg','2025-12-03 06:33:19'),(234,147,'Sand Dune','#7d685f','M',20,'static/uploads/products/20251203_063515_234_0_COATS_OTAGA_ORIG_1.jpg','2025-12-03 06:35:15'),(235,127,'Tuna','#313035','M',25,'static/uploads/products/20251203_063704_235_0_YOGA-PANTS_REVOLVER-25ML_ORIG_6.jpg','2025-12-03 06:37:04'),(236,127,'Tuna','#313035','S',25,'static/uploads/products/20251203_063704_236_0_YOGA-PANTS_REVOLVER-25ML_ORIG_2.jpg','2025-12-03 06:37:04'),(237,127,'Tuna','#313035','L',10,'static/uploads/products/20251203_063704_237_0_YOGA-PANTS_REVOLVER-25ML_ORIG_4.jpg','2025-12-03 06:37:04'),(238,107,'Hit Pink','#fdaf7d','M',20,'static/uploads/products/20251203_064122_238_0_SKIRT_VELVET_ORIG_1.jpg','2025-12-03 06:41:22'),(239,107,'Carnation Pink','#fda3be','S',25,'static/uploads/products/20251203_064122_239_0_SKIRT_VELVET_WARM-PINK_1.jpg','2025-12-03 06:41:22'),(240,107,'De York','#86c489','S',25,'static/uploads/products/20251203_064122_240_0_SKIRT_VELVET_NAPIER-GREEN_1.jpg','2025-12-03 06:41:22'),(241,107,'Anakiwa','#87f6fb','M',25,'static/uploads/products/20251203_064123_241_0_SKIRT_VELVET_BRIGHT-AQUA_2.jpg','2025-12-03 06:41:23'),(242,132,'Cod Gray','#131013','M',15,'static/uploads/products/20251203_064827_242_0_201690874-2.avif','2025-12-03 06:48:27'),(243,135,'Satin Linen','#e3e4d1','S',15,'static/uploads/products/20251203_075402_243_0_208446047-1-greenstripe.avif','2025-12-03 07:54:02'),(244,135,'Satin Linen','#e3e4d1','M',15,'static/uploads/products/20251203_075402_244_0_208446047-1-greenstripe.avif','2025-12-03 07:54:02'),(245,135,'Satin Linen','#e3e4d1','L',15,'static/uploads/products/20251203_075402_245_0_208446047-1-greenstripe.avif','2025-12-03 07:54:02'),(246,125,'Masala','#3c3233','S',15,'static/uploads/products/20251203_075600_246_0_YOGA-PANTS_SAYLHWP_ORIG_5.jpg','2025-12-03 07:56:00'),(247,125,'Masala','#3c3233','M',15,'static/uploads/products/20251203_075600_247_0_YOGA-PANTS_SAYLHWP_ORIG_2.jpg','2025-12-03 07:56:00'),(248,125,'Masala','#3c3233','L',15,'static/uploads/products/20251203_075600_248_0_YOGA-PANTS_SAYLHWP_ORIG_1.jpg','2025-12-03 07:56:00'),(249,120,'Shark','#292a2f','S',10,'static/uploads/products/20251203_080013_249_0_YOGA-PANTS_X-ROSE-WHITELEY_ORIG_1.jpg','2025-12-03 08:00:13'),(250,150,'Jumbo','#717077','7.5',15,'static/uploads/products/20251203_080221_250_0_7.111_-_Copy.jpg','2025-12-03 08:02:21'),(251,149,'Brandy','#dfc39e','M',19,'static/uploads/products/20251203_080744_251_0_COATS_OLIO_ORIG_1.jpg','2025-12-03 08:07:44'),(252,149,'Brandy','#dfc39e','L',19,'static/uploads/products/20251203_080744_252_0_COATS_OLIO_ORIG_1.jpg','2025-12-03 08:07:44'),(253,149,'Brandy','#dfc39e','S',15,'static/uploads/products/20251203_080744_253_0_COATS_OLIO_ORIG_1.jpg','2025-12-03 08:07:44'),(254,109,'Soap','#c3cbf0','M',15,'static/uploads/products/20251203_081103_254_0_SKIRTS_CMS_CLOUDY-BLUE_1.jpg','2025-12-03 08:11:03'),(255,109,'Alto','#d8d8d8','M',15,'static/uploads/products/20251203_081103_255_0_SKIRTS_CMS_GREY-GOOSE_1.jpg','2025-12-03 08:11:03'),(256,109,'Orinoco','#eafac9','M',15,'static/uploads/products/20251203_081103_256_0_SKIRTS_CMS_LIGHT-JADE_1.jpg','2025-12-03 08:11:03'),(257,109,'Dawn Pink','#f3e3e4','M',15,'static/uploads/products/20251203_081103_257_0_SKIRTS_CMS_ORIG_1.jpg','2025-12-03 08:11:03'),(258,134,'Mine Shaft','#2d2d2d','S',25,'static/uploads/products/20251203_081313_258_0_205554080-1-black.avif','2025-12-03 08:13:13'),(259,134,'Mine Shaft','#2d2d2d','M',25,'static/uploads/products/20251203_081313_259_0_205554080-1-black.avif','2025-12-03 08:13:13'),(260,144,'Red Robin','#804324','S',15,'static/uploads/products/20251203_082329_260_0_JACKETS_BRIAR_ORIG_1.jpg','2025-12-03 08:23:29'),(261,144,'Roof Terracotta','#b03d20','S',15,'static/uploads/products/20251203_082329_261_0_JACKETS_BRIAR_PORTLAND-ORANGE_1.jpg','2025-12-03 08:23:29'),(262,144,'Purple','#6709ab','S',15,'static/uploads/products/20251203_082329_262_0_JACKETS_BRIAR_ELECTRIC-PURPLE_1.jpg','2025-12-03 08:23:29'),(263,144,'Sonic Silver','#737373','S',15,'static/uploads/products/20251203_082329_263_0_JACKETS_BRIAR_POWDER-ASH_1.jpg','2025-12-03 08:23:29'),(264,153,'Baltic Sea','#201f23','7.5',15,'static/uploads/products/20251203_083201_264_0_HOKF-MZ29_V1.avif','2025-12-03 08:32:01'),(265,113,'Chestnut','#c26e56','S',15,'static/uploads/products/20251203_084241_265_0_17054445_76_B.avif','2025-12-03 08:42:41'),(266,113,'Chestnut','#c26e56','M',20,'static/uploads/products/20251203_084241_266_0_17054445_76_B.avif','2025-12-03 08:42:41'),(267,113,'Chestnut','#c26e56','L',20,'static/uploads/products/20251203_084241_267_0_17054445_76_B.avif','2025-12-03 08:42:41');

/*Table structure for table `products` */

DROP TABLE IF EXISTS `products`;

CREATE TABLE `products` (
  `product_id` int(11) NOT NULL AUTO_INCREMENT,
  `seller_id` int(11) NOT NULL,
  `product_name` varchar(255) NOT NULL,
  `description` text DEFAULT NULL,
  `materials` text DEFAULT NULL,
  `SDG` enum('handmade','biodegradable','both') DEFAULT NULL,
  `price` decimal(10,2) NOT NULL,
  `category` varchar(100) NOT NULL,
  `is_active` tinyint(1) DEFAULT 1,
  `views_count` int(11) DEFAULT 0,
  `rating` decimal(3,2) DEFAULT 0.00,
  `total_reviews` int(11) DEFAULT 0,
  `total_sold` int(11) DEFAULT 0,
  `created_at` timestamp NOT NULL DEFAULT current_timestamp(),
  `updated_at` timestamp NOT NULL DEFAULT current_timestamp() ON UPDATE current_timestamp(),
  PRIMARY KEY (`product_id`),
  KEY `idx_seller_id` (`seller_id`),
  KEY `idx_category` (`category`),
  KEY `idx_product_name` (`product_name`),
  CONSTRAINT `products_ibfk_1` FOREIGN KEY (`seller_id`) REFERENCES `sellers` (`seller_id`) ON DELETE CASCADE
) ENGINE=InnoDB AUTO_INCREMENT=160 DEFAULT CHARSET=utf8mb4 COLLATE=utf8mb4_general_ci;

/*Data for the table `products` */

insert  into `products`(`product_id`,`seller_id`,`product_name`,`description`,`materials`,`SDG`,`price`,`category`,`is_active`,`views_count`,`rating`,`total_reviews`,`total_sold`,`created_at`,`updated_at`) values (41,7,'Summer Overshirt','The Summer Overshirt With Vintage Swiss Embroidery','100% cotton','both','500.00','tops',1,60,'5.00',2,5,'2025-01-03 14:15:56','2025-12-01 16:19:59'),(42,7,'Blouson Top','Our Style No. ATTIF-WS142\r\n\r\nManufacturer Style No. 250WCB0088 - DDD088SS - 024\r\n\r\nModel is wearing size 38. View detailed measurements of this item.\r\n','potek ihhiihihsdOur Style No. ATTIF-WS142\r\n\r\nManufacturer Style No. 250WCB0088 - DDD088SS - 024\r\n\r\nModel is wearing size 38. View detailed measurements of this item.\r\nSAD\r\nDSADASD\r\n','both','3423435.00','tops',1,75,'5.00',2,108,'2024-12-31 14:15:56','2025-12-01 16:18:52'),(100,100,'The Ascension Maxi Dress','New for the season, the Ascension Maxi captures ethereal elegance. Its signature puffy-sleeve design introduces romantic volume, while the sophisticated front button loop closure makes this piece a distinct icon of refined femininity.','Organic Cotton','biodegradable','12500.00','dresses',1,3,'4.80',5,5,'2025-01-11 14:15:56','2025-12-03 07:01:24'),(101,101,'Gaia Wrap Gown','Exuding bohemian glamour, this flowing silhouette defines visual identity through chic ruffle trims. This iconic piece embodies the house\'s flair for sensual, yet sophisticated, luxury.','Peace Silk','both','14200.00','Dresses',1,0,'4.50',4,4,'2025-02-27 14:15:56','2025-12-01 16:18:52'),(102,102,'Seta Evening Slip','A minimalist masterpiece. This slip dress features delicate spaghetti straps and a bias cut that drapes effortlessly against the body, elevating your evening wardrobe with understated luxury.','Tencel™ Lyocell','handmade','8500.00','dresses',1,2,'4.25',4,4,'2025-04-28 14:15:56','2025-12-03 06:24:17'),(103,103,'Ethereal Garden Midi','Inspired by botanical forms, this midi dress features hand-embroidered floral motifs. The billow sleeves and cinched waist create a timeless silhouette suitable for high-society garden parties.','Ramie','both','11000.00','Dresses',1,1,'4.25',4,4,'2024-12-16 14:15:56','2025-12-01 16:18:52'),(104,104,'Muse Structure Dress','Architectural lines meet sustainable luxury. This structured piece offers a powerful silhouette for the modern leader, featuring a sharp neckline and asymmetrical hem.','Bamboo Fabric','biodegradable','9800.00','Dresses',0,0,'4.40',5,5,'2025-02-09 14:15:56','2025-12-03 08:13:19'),(105,100,'Velare Pencil Skirt','Refined and sharp, this pencil skirt is a wardrobe staple. Crafted with precision, it offers a sleek profile that transitions seamlessly from the boardroom to evening engagements.','Organic Wool','biodegradable','5500.00','Skirts',0,0,'4.60',5,5,'2024-11-28 14:15:56','2025-12-03 08:02:38'),(106,101,'Boheme Tiered Skirt','Layers of sustainable fabric cascade to create movement and grace. This tiered skirt pairs perfectly with a fitted blouse for a look of effortless chic.','EcoVero™ Viscose','both','6200.00','Skirts',1,3,'4.25',4,4,'2024-12-22 14:15:56','2025-12-01 16:19:43'),(107,102,'Stone Wash Midi','Featuring a unique texture derived from natural mineral dyes, this midi skirt offers a tactile experience. The high-waisted cut elongates the figure.','Hemp Fiber','biodegradable','4800.00','skirts',1,0,'4.25',4,4,'2024-11-21 14:15:56','2025-12-03 06:39:28'),(108,103,'Silk Breeze Wrap','An adjustable wrap skirt that flows with every step. The luxurious sheen of the fabric adds an element of opulence to a casual silhouette.','Peace Silk','handmade','7500.00','Skirts',1,3,'4.75',4,4,'2024-12-04 14:15:56','2025-12-01 16:18:52'),(109,104,'Urban Cork Mini','Bold and edgy, this mini skirt utilizes sustainable cork leather. It features metallic hardware details that contrast with the natural texture of the material.','Cork Leather','both','4500.00','skirts',1,1,'4.20',5,5,'2025-04-20 14:15:56','2025-12-03 08:08:18'),(110,100,'Luxe Knit Tank','A premium basic elevated by superior craftsmanship. This knit tank hugs the body comfortably, serving as the perfect foundation for layered luxury.','Organic Cotton','biodegradable','2500.00','Tops',0,1,'4.50',4,4,'2024-11-21 14:15:56','2025-12-03 08:02:33'),(111,101,'Gaia Asymmetric Top','Breaking convention with an asymmetrical neckline, this top is for the woman who commands attention. The fabric offers breathable comfort without compromising style.','Bamboo Fabric','both','3200.00','tops',1,0,'4.50',4,4,'2024-11-09 14:15:56','2025-12-01 16:18:52'),(112,102,'Seta Cami','Delicate and airy, this camisole features lace trimming made from recycled fibers. It creates a soft, romantic look perfect for summer evenings.','Modal','handmade','2800.00','Tops',0,0,'4.50',4,4,'2024-11-11 14:15:56','2025-12-03 06:46:54'),(113,103,'Structure Crop','A structured crop top that pairs voluminous sleeves with a fitted bodice. The architectural design makes it a standalone statement piece.','Linen','biodegradable','3500.00','tops',1,2,'4.25',4,4,'2025-01-22 14:15:56','2025-12-03 08:37:02'),(114,104,'Modern Tunic','Long lines and a relaxed fit define this modern tunic. It provides versatile styling options, easily belted or worn loose for an avant-garde aesthetic.','Tencel™ Lyocell','both','4200.00','Tops',0,0,'4.75',4,4,'2025-01-21 14:15:56','2025-12-03 08:13:28'),(115,100,'Velare Silk Blouse','The epitome of office elegance. This blouse features a pussy-bow necktie and hidden placket, offering a clean, sophisticated canvas for accessories.','Peace Silk','both','8900.00','blouses',0,1,'4.25',4,4,'2025-02-06 14:15:56','2025-12-03 07:51:20'),(116,101,'Ascension Billow Blouse','Captures ethereal elegance with its signature puffy-sleeve design. Cinched with elastic cuffs, it introduces a romantic volume to your ensemble.','Ramie','biodegradable','7800.00','Blouses',1,2,'4.75',4,4,'2024-10-08 14:15:56','2025-12-03 08:45:20'),(117,102,'Sheer Panel Blouse','Playing with transparency, this blouse incorporates sheer panels for a look that is both modest and alluring. Perfect for evening transitions.','EcoVero™ Viscose','both','6500.00','Blouses',0,3,'4.25',4,4,'2024-12-21 14:15:56','2025-12-03 06:37:42'),(118,103,'Embroidered Peasant Blouse','Hand-stitched details adorn the neckline of this peasant-style blouse. The relaxed fit allows for movement while maintaining a polished appearance.','Organic Cotton','handmade','5600.00','Blouses',1,1,'4.75',4,4,'2025-03-22 14:15:56','2025-12-01 16:18:52'),(119,104,'Structured Collar Shirt','A crisp, white shirt reimagined with an exaggerated collar. This piece brings high-fashion drama to a classic wardrobe staple.','Organic Cotton','biodegradable','6200.00','Blouses',0,0,'4.50',4,4,'2024-12-01 14:15:56','2025-12-03 08:13:46'),(120,100,'Velocity Performance Top','Engineered for movement, this top wicks moisture while feeling soft against the skin. The streamlined design minimizes friction during intense activity.','Recycled Polyester','both','3500.00','activewear',1,2,'4.25',4,4,'2024-12-21 14:15:56','2025-12-03 08:02:52'),(121,101,'Gaia Sport Bra','High support meets high fashion. Featuring a cross-back design and sustainable materials, this sports bra is designed for the eco-conscious athlete.','Recycled Nylon','both','2800.00','Active Wear',1,0,'4.75',4,4,'2025-04-23 14:15:56','2025-12-01 16:18:52'),(122,102,'Core Control Tank','This tank offers gentle compression to support your core during workouts. The minimalist design allows it to double as casual streetwear.','Bamboo Fabric','biodegradable','2200.00','Active Wear',0,0,'4.25',4,4,'2024-11-19 14:15:56','2025-12-03 06:46:47'),(123,103,'Sprint Windbreaker','Lightweight and water-resistant, this windbreaker is crafted from upcycled plastics. It features reflective details for safety during evening runs.','Recycled Plastics','both','5500.00','Active Wear',1,0,'4.75',4,4,'2025-02-26 14:15:56','2025-12-01 16:18:52'),(124,104,'Flow Crop','Designed for low-impact movement, this crop top features wide armholes and a breathable mesh back panel.','Modal','biodegradable','2100.00','Active Wear',0,1,'4.50',4,4,'2024-11-11 14:15:56','2025-12-03 08:23:59'),(125,100,'Zen Alignment Leggings','These leggings offer a second-skin feel, allowing for unrestricted movement. The high waistband ensures they stay in place during every pose.','Recycled Nylon','both','4200.00','yoga-pants',1,0,'4.75',4,4,'2024-12-22 14:15:56','2025-12-03 07:54:30'),(126,101,'Earth Flow Pants','Loose-fitting and incredibly soft, these pants are perfect for restorative yoga or meditation. Made from breathable plant fibers.','Bamboo Fabric','biodegradable','3800.00','Yoga Pants',1,0,'4.25',4,4,'2025-03-15 14:15:56','2025-12-01 16:18:52'),(127,102,'Seta Sculpt Leggings','Sculpting technology meets sustainability. These leggings lift and shape while being produced from recycled fishing nets.','Recycled Plastics','both','4500.00','yoga-pants',1,0,'4.50',4,4,'2024-12-27 14:15:56','2025-12-03 06:36:00'),(128,103,'Breathe Easy Joggers','Versatile joggers that transition from the studio to the street. Tapered ankles and deep pockets add functionality to comfort.','Organic Cotton','biodegradable','3200.00','Yoga Pants',1,0,'4.50',4,4,'2024-12-13 14:15:56','2025-12-01 16:18:52'),(129,104,'Flare Yoga Bottoms','A nod to retro style, these flared pants elongate the leg. The stretch fabric ensures comfort without losing shape.','Modal','biodegradable','3600.00','Yoga Pants',0,0,'4.50',4,4,'2024-12-15 14:15:56','2025-12-03 08:13:39'),(130,100,'Velare Lace Bralette','Intricate lace detailing meets sustainable comfort. This wire-free bralette offers natural shaping and a luxurious feel against the skin.','Organic Cotton','handmade','2500.00','Lingerie',0,0,'4.75',4,4,'2024-12-11 14:15:56','2025-12-03 08:02:30'),(131,101,'Gaia Silk Briefs','Hypoallergenic and incredibly soft, these silk briefs are a daily luxury. The natural fibers regulate temperature and promote skin health.','Peace Silk','biodegradable','2200.00','Lingerie',1,0,'4.25',4,4,'2024-12-04 14:15:56','2025-12-01 16:18:52'),(132,102,'Midnight Bodysuit','A sheer bodysuit that combines sensuality with modern design. Features adjustable straps and a snap closure for convenience.','Recycled Nylon','both','3800.00','sleepwear',1,0,'4.50',4,4,'2024-11-10 14:15:56','2025-12-03 06:47:36'),(133,103,'Ethereal Robe','A short robe perfect for lounging. The kimono-style sleeves and waist tie create a relaxed yet elegant silhouette.','Tencel™ Lyocell','biodegradable','4500.00','Lingerie',1,0,'4.75',4,4,'2024-12-23 14:15:56','2025-12-01 16:18:52'),(134,104,'Muse Corset','A soft-structure corset that can be worn as lingerie or outerwear. Boning made from recycled plastics provides shape without discomfort.','Recycled Plastics','both','5200.00','lingerie',1,0,'4.50',4,4,'2025-02-11 14:15:56','2025-12-03 08:11:38'),(135,100,'Dreamstate Pajama Set','Classic button-down pajamas reimagined in ultra-soft fabric. Contrast piping adds a touch of traditional luxury.','Organic Cotton','biodegradable','5800.00','sleepwear',1,1,'4.50',4,4,'2025-02-18 14:15:56','2025-12-03 07:52:27'),(136,101,'Gaia Nightgown','A flowing nightgown that drapes beautifully. The breathable fabric ensures a cool and comfortable night\'s sleep.','Bamboo Fabric','biodegradable','4200.00','Sleepwear',1,0,'4.50',4,4,'2024-11-05 14:15:56','2025-12-01 16:18:52'),(137,102,'Seta Silk Sleep Mask','Complete your sleep routine with this padded silk mask. It blocks out light while protecting the delicate skin around the eyes.','Peace Silk','handmade','1500.00','Sleepwear',0,0,'4.25',4,4,'2024-10-24 14:15:56','2025-12-03 06:47:00'),(138,103,'Lounge Slip','A bias-cut slip dress designed for sleeping or lounging. The adjustable straps ensure a custom fit.','EcoVero™ Viscose','biodegradable','3500.00','Sleepwear',1,0,'4.75',4,4,'2025-04-25 14:15:56','2025-12-01 16:18:52'),(139,104,'Modern Kimono','A long, printed kimono that adds drama to your morning routine. Features wide sleeves and a detachable belt.','Tencel™ Lyocell','both','6500.00','Sleepwear',0,1,'4.50',4,4,'2025-01-30 14:15:56','2025-12-03 08:13:26'),(140,100,'Velare Blazer','Tailored to perfection, this blazer features a nipped waist and strong shoulders. A powerful addition to any professional wardrobe.','Organic Wool','biodegradable','12500.00','Jackets',0,1,'4.75',4,4,'2024-11-02 14:15:56','2025-12-03 08:02:41'),(141,101,'Gaia Bomber','A sustainable take on the classic bomber jacket. Made from recycled fabrics, it features ribbed cuffs and a zip front.','Recycled Polyester','both','8500.00','Jackets',1,1,'4.25',4,4,'2025-01-09 14:15:56','2025-12-01 16:18:52'),(142,102,'Seta Denim Jacket','Crafted from organic cotton denim, this jacket features unique stitching details and branded hardware. A timeless casual piece.','Organic Cotton','biodegradable','7200.00','Jackets',0,0,'4.75',4,4,'2024-12-20 14:15:56','2025-12-03 06:38:20'),(143,103,'Utility Field Jacket','Functional and stylish, this jacket offers multiple pockets and a drawstring waist. Made from durable hemp fibers.','Hemp Fiber','biodegradable','9500.00','Jackets',1,0,'4.50',4,4,'2024-12-02 14:15:56','2025-12-01 16:18:52'),(144,104,'Vegan Leather Moto','Edgy and cruelty-free. This moto jacket features asymmetrical zips and quilted details, crafted from high-quality pineapple leather.','Piñatex','both','14500.00','jackets',1,1,'4.50',4,4,'2024-11-21 14:15:56','2025-12-03 08:20:24'),(145,100,'The trench','A classic trench coat with modern updates. Water-resistant and breathable, it features a double-breasted front and belted waist.','Recycled Polyester','both','15500.00','Coats',0,0,'4.75',4,4,'2024-12-07 14:15:56','2025-12-03 08:00:41'),(146,101,'Gaia Wool Coat','An oversized wool coat that feels like a warm embrace. The dropped shoulders and wide lapels create a relaxed luxury look.','Organic Wool','biodegradable','18000.00','Coats',1,0,'4.25',4,4,'2025-01-12 14:15:56','2025-12-01 16:18:52'),(147,102,'Seta Rain Mac','Sleek and minimal, this rain mac protects you from the elements without sacrificing style. Made from recycled materials.','Recycled Plastics','both','11200.00','coats',1,0,'4.50',4,4,'2025-01-09 14:15:56','2025-12-03 06:34:43'),(148,103,'Cape Coat','A dramatic cape silhouette for the fashion-forward. Arm slits and a button neck closure make it practical yet striking.','Cashmere Blends','biodegradable','16500.00','Coats',1,0,'4.75',4,4,'2024-12-16 14:15:56','2025-12-01 16:18:52'),(149,104,'Teddy Bear Coat','Textured and cozy, this faux fur coat is made from recycled fibers. It creates a statement look while keeping you incredibly warm.','Recycled Polyester','both','13500.00','coats',1,2,'4.50',4,4,'2025-05-12 14:15:56','2025-12-03 08:06:22'),(150,100,'Velare Pump','A classic pump with a sustainable twist. The heel is carved from reclaimed wood, and the upper is crafted from vegan leather.','Vegan Leather','both','8500.00','shoes',1,0,'4.75',4,4,'2024-11-17 14:15:56','2025-12-03 08:01:03'),(151,101,'Gaia Sneaker','Chunky soles meet clean lines. This sneaker is crafted from plant-based leather and recycled rubber soles.','Piñatex','both','6500.00','Shoes',1,0,'4.25',4,4,'2025-01-07 14:15:56','2025-12-01 16:18:52'),(152,102,'Seta Ankle Strap Pump','A timeless loafer made from cork leather. Lightweight and water-resistant, it moulds to your foot for custom comfort.','Cork Leather','biodegradable','7200.00','shoes',1,2,'4.75',4,4,'2025-01-26 14:15:56','2025-12-03 06:33:25'),(153,103,'Strappy Sandal','Minimalist sandals with wrap-around ankle ties. The sole is made from jute and natural rubber.','Jute','biodegradable','4500.00','shoes',1,6,'4.50',4,4,'2025-04-28 14:15:56','2025-12-03 08:43:05'),(154,104,'Modern Boot','Ankle boots with a geometric heel. The upper is made from mushroom leather, offering a durable and eco-friendly alternative.','Vegan Leather','both','9500.00','Shoes',0,0,'4.50',4,4,'2024-12-09 14:15:56','2025-12-03 08:13:41'),(155,100,'Velare Tote','A spacious tote bag for the daily commute. Made from durable abaca fiber, it is both strong and stylish.','Abacá Fiber','biodegradable','5500.00','Accessories',0,0,'4.75',4,4,'2024-11-24 14:15:56','2025-12-03 08:02:25'),(156,101,'Gaia Silk Scarf','A printed silk scarf that can be worn around the neck, in the hair, or tied to a bag. Features hand-rolled edges.','Peace Silk','handmade','3200.00','Accessories',1,0,'4.25',4,4,'2024-11-17 14:15:56','2025-12-01 16:18:52'),(157,102,'Seta Belt','A wide belt designed to cinch coats and dresses. Made from cork leather with a recycled brass buckle.','Cork Leather','biodegradable','2500.00','accessories',1,1,'4.50',4,4,'2025-05-08 14:15:56','2025-12-03 06:16:49'),(158,103,'Woven Hat','A wide-brimmed hat made from natural ramie fibers. Perfect for sun protection with a touch of glamour.','Ramie','biodegradable','2800.00','Accessories',1,0,'4.75',4,4,'2024-12-19 14:15:56','2025-12-01 16:18:52'),(159,104,'Clutch Bag','A structured clutch made from upcycled fabric blends. Features a detachable chain strap for versatility.','Upcycled Fabric Blends','both','4200.00','Accessories',0,0,'4.50',4,4,'2025-01-14 14:15:56','2025-12-03 08:13:32');

/*Table structure for table `review_images` */

DROP TABLE IF EXISTS `review_images`;

CREATE TABLE `review_images` (
  `review_image_id` int(11) NOT NULL AUTO_INCREMENT,
  `review_id` int(11) NOT NULL,
  `image_url` varchar(255) NOT NULL,
  `created_at` timestamp NOT NULL DEFAULT current_timestamp(),
  PRIMARY KEY (`review_image_id`),
  KEY `idx_review_id` (`review_id`),
  CONSTRAINT `review_images_ibfk_1` FOREIGN KEY (`review_id`) REFERENCES `product_reviews` (`review_id`) ON DELETE CASCADE
) ENGINE=InnoDB DEFAULT CHARSET=utf8mb4 COLLATE=utf8mb4_general_ci;

/*Data for the table `review_images` */

/*Table structure for table `rider_withdrawals` */

DROP TABLE IF EXISTS `rider_withdrawals`;

CREATE TABLE `rider_withdrawals` (
  `withdrawal_id` int(11) NOT NULL AUTO_INCREMENT,
  `rider_id` int(11) NOT NULL,
  `amount` decimal(10,2) NOT NULL,
  `withdrawal_method` varchar(50) DEFAULT 'Cash',
  `status` enum('pending','completed','rejected','cancelled') DEFAULT 'pending',
  `requested_at` timestamp NOT NULL DEFAULT current_timestamp(),
  `processed_at` timestamp NULL DEFAULT NULL,
  `notes` text DEFAULT NULL,
  PRIMARY KEY (`withdrawal_id`),
  KEY `idx_rider_id` (`rider_id`),
  KEY `idx_status` (`status`),
  KEY `idx_requested_at` (`requested_at`),
  CONSTRAINT `rider_withdrawals_ibfk_1` FOREIGN KEY (`rider_id`) REFERENCES `riders` (`rider_id`) ON DELETE CASCADE
) ENGINE=InnoDB AUTO_INCREMENT=13 DEFAULT CHARSET=utf8mb4 COLLATE=utf8mb4_unicode_ci;

/*Data for the table `rider_withdrawals` */

insert  into `rider_withdrawals`(`withdrawal_id`,`rider_id`,`amount`,`withdrawal_method`,`status`,`requested_at`,`processed_at`,`notes`) values (1,4,'100.00','Bank Transfer','completed','2025-11-23 04:08:13','2025-11-23 06:02:46',''),(10,4,'100.00','GCash','rejected','2025-11-23 09:09:09','2025-11-23 09:10:06','\nRejection reason: '),(11,4,'100.00','Bank Transfer','rejected','2025-11-23 09:11:15','2025-11-23 09:11:34','\nRejection reason: '),(12,100,'1500.00','Cash','completed','2025-12-01 16:04:36','2025-12-01 16:05:49','Need Cash ASAP');

/*Table structure for table `riders` */

DROP TABLE IF EXISTS `riders`;

CREATE TABLE `riders` (
  `rider_id` int(11) NOT NULL AUTO_INCREMENT,
  `user_id` int(11) NOT NULL,
  `first_name` varchar(100) NOT NULL,
  `last_name` varchar(100) NOT NULL,
  `phone_number` varchar(20) NOT NULL,
  `profile_image` varchar(255) DEFAULT NULL,
  `vehicle_type` varchar(50) DEFAULT NULL,
  `id_type` varchar(50) DEFAULT NULL,
  `id_file_path` varchar(255) DEFAULT NULL,
  `rating` decimal(3,2) DEFAULT 0.00,
  `total_earnings` decimal(10,2) DEFAULT 0.00,
  `status` enum('available','busy','offline') DEFAULT 'offline',
  `created_at` timestamp NOT NULL DEFAULT current_timestamp(),
  `orcr_file_path` varchar(255) DEFAULT NULL,
  `driver_license_file_path` varchar(255) DEFAULT NULL,
  `plate_number` varchar(10) DEFAULT NULL,
  `available_balance` decimal(10,2) DEFAULT 0.00 COMMENT 'Available balance for withdrawal',
  `account_status` varchar(20) DEFAULT 'active',
  `suspension_end` datetime DEFAULT NULL,
  `suspension_reason` text DEFAULT NULL,
  `report_count` int(11) DEFAULT 0,
  PRIMARY KEY (`rider_id`),
  UNIQUE KEY `user_id` (`user_id`),
  KEY `idx_status` (`status`),
  KEY `idx_riders_account_status` (`account_status`),
  CONSTRAINT `riders_ibfk_1` FOREIGN KEY (`user_id`) REFERENCES `users` (`user_id`) ON DELETE CASCADE
) ENGINE=InnoDB AUTO_INCREMENT=105 DEFAULT CHARSET=utf8mb4 COLLATE=utf8mb4_general_ci;

/*Data for the table `riders` */

insert  into `riders`(`rider_id`,`user_id`,`first_name`,`last_name`,`phone_number`,`profile_image`,`vehicle_type`,`id_type`,`id_file_path`,`rating`,`total_earnings`,`status`,`created_at`,`orcr_file_path`,`driver_license_file_path`,`plate_number`,`available_balance`,`account_status`,`suspension_end`,`suspension_reason`,`report_count`) values (4,21,'re','re','09413142325','uploads/profiles/rider_21_search.png','Motorcycle','national_id','/static/uploads/ids/rider_rere_gmail.com_Screenshot_2025-10-24_105648.png','0.00','1617.00','available','2025-10-29 20:30:52','/static/uploads/rider_orcr/user_4/orcr_1764405871111_sampleimage4.webp','/static/uploads/rider_dl/user_4/driver_license_1764405871120_400029166_658688353118621_2242446653820573432_n.jpg','DSA1232','1517.00','active',NULL,NULL,0),(100,105,'Mar Aldrei','Avila','09618907215',NULL,'Motorcycle',NULL,NULL,'0.00','1960.00','available','2025-12-01 13:11:11',NULL,NULL,'LGA-101','1960.00','active',NULL,NULL,0),(101,106,'Princess Anne','Azucena','09367408113',NULL,'eBike',NULL,NULL,'0.00','2107.00','available','2025-12-01 13:11:11',NULL,NULL,'LGA-102','2107.00','active',NULL,NULL,0),(102,107,'Syron','Blaza','09384455806',NULL,'Motorcycle',NULL,NULL,'0.00','2107.00','busy','2025-12-01 13:11:11',NULL,NULL,'LGA-103','2107.00','active',NULL,NULL,0),(103,108,'Godffrey','Bonza','09462967759',NULL,'Car',NULL,NULL,'0.00','1911.00','offline','2025-12-01 13:11:11',NULL,NULL,'LGA-104','1911.00','active',NULL,NULL,0),(104,109,'Janelle','Clemeno','09502696617',NULL,'Motorcycle',NULL,NULL,'0.00','2352.00','available','2025-12-01 13:11:11',NULL,NULL,'LGA-105','2352.00','active',NULL,NULL,0);

/*Table structure for table `seller_vouchers` */

DROP TABLE IF EXISTS `seller_vouchers`;

CREATE TABLE `seller_vouchers` (
  `seller_voucher_id` int(11) NOT NULL AUTO_INCREMENT,
  `seller_id` int(11) NOT NULL,
  `voucher_id` int(11) NOT NULL,
  `is_active` tinyint(1) DEFAULT 1,
  `selected_at` timestamp NOT NULL DEFAULT current_timestamp(),
  PRIMARY KEY (`seller_voucher_id`),
  UNIQUE KEY `unique_seller_voucher` (`seller_id`,`voucher_id`),
  KEY `idx_seller_vouchers_seller_id` (`seller_id`),
  KEY `idx_seller_vouchers_voucher_id` (`voucher_id`),
  KEY `idx_seller_vouchers_active` (`is_active`),
  CONSTRAINT `seller_vouchers_ibfk_1` FOREIGN KEY (`seller_id`) REFERENCES `sellers` (`seller_id`) ON DELETE CASCADE,
  CONSTRAINT `seller_vouchers_ibfk_2` FOREIGN KEY (`voucher_id`) REFERENCES `vouchers` (`voucher_id`) ON DELETE CASCADE
) ENGINE=InnoDB AUTO_INCREMENT=7 DEFAULT CHARSET=utf8mb4 COLLATE=utf8mb4_general_ci;

/*Data for the table `seller_vouchers` */

insert  into `seller_vouchers`(`seller_voucher_id`,`seller_id`,`voucher_id`,`is_active`,`selected_at`) values (1,7,10,1,'2025-11-23 00:41:52'),(4,7,4,1,'2025-11-23 00:42:58');

/*Table structure for table `sellers` */

DROP TABLE IF EXISTS `sellers`;

CREATE TABLE `sellers` (
  `seller_id` int(11) NOT NULL AUTO_INCREMENT,
  `user_id` int(11) NOT NULL,
  `first_name` varchar(100) DEFAULT NULL,
  `last_name` varchar(100) DEFAULT NULL,
  `shop_name` varchar(255) NOT NULL,
  `shop_description` text DEFAULT NULL,
  `shop_logo` varchar(255) DEFAULT NULL,
  `phone_number` varchar(20) DEFAULT NULL,
  `id_type` varchar(50) DEFAULT NULL,
  `rating` decimal(3,2) DEFAULT 0.00,
  `total_sales` decimal(12,2) DEFAULT 0.00,
  `created_at` timestamp NOT NULL DEFAULT current_timestamp(),
  `id_file_path` varchar(255) DEFAULT NULL,
  `business_permit_file_path` varchar(255) DEFAULT NULL,
  `account_status` varchar(20) DEFAULT 'active',
  `suspension_end` datetime DEFAULT NULL,
  `suspension_reason` text DEFAULT NULL,
  `report_count` int(11) DEFAULT 0,
  PRIMARY KEY (`seller_id`),
  UNIQUE KEY `user_id` (`user_id`),
  KEY `idx_shop_name` (`shop_name`),
  KEY `idx_sellers_account_status` (`account_status`),
  CONSTRAINT `sellers_ibfk_1` FOREIGN KEY (`user_id`) REFERENCES `users` (`user_id`) ON DELETE CASCADE
) ENGINE=InnoDB AUTO_INCREMENT=105 DEFAULT CHARSET=utf8mb4 COLLATE=utf8mb4_general_ci;

/*Data for the table `sellers` */

insert  into `sellers`(`seller_id`,`user_id`,`first_name`,`last_name`,`shop_name`,`shop_description`,`shop_logo`,`phone_number`,`id_type`,`rating`,`total_sales`,`created_at`,`id_file_path`,`business_permit_file_path`,`account_status`,`suspension_end`,`suspension_reason`,`report_count`) values (7,19,'Justine Mark','Gahi','Justine Mark Gahi\'s Shop','heloos helloos\r\n','uploads/shop_logos/seller_7_1763789601117_IOT_Smart_Home.png','09124312313','sss','5.00','0.00','2025-10-29 18:04:39','/static/uploads/seller_ids/user_7/id_id_seller_7_1764213732965_lines.png','/static/uploads/seller_permits/user_7/business_permit_permit_seller_7_1764213732971_search.png','','0000-00-00 00:00:00','',1),(100,100,'Luis Mario','Acovera','Velare Luxe','A sanctuary of refined aesthetics, offering timeless pieces for the modern woman. We specialize in ethically sourced luxury.','uploads/shop_logos/seller_100_1764715938018_Gemini_Generated_Image_gqj4dlgqj4dlgqj4.png','09627391351','Driver\'s License','4.62','0.00','2025-12-01 13:10:47','/static/uploads/seller_ids/user_100/id_1764715921838_3.png','/static/uploads/seller_permits/user_100/business_permit_1764715921841_BusinessPermit.jpg','active',NULL,NULL,0),(101,101,'Jeffrey','Almojela','Gaia\'s Grace','Sustainably responsible fashion that marries high-end luxury with earth-first materials like Hemp and Organic Cotton.',NULL,'09976206696',NULL,'4.40','0.00','2025-12-01 13:10:47',NULL,NULL,'active',NULL,NULL,0),(102,102,'Jamihyari','Andaya','Seta & Stone','Empowering silhouettes crafted from the world\'s finest organic fibers. Designed for the confident, elegant woman.','uploads/shop_logos/seller_102_1764713911043_Seta.png','09204987313','SSS ID','4.44','0.00','2025-12-01 13:10:47','/static/uploads/seller_ids/user_102/id_1764713559066_1.png','/static/uploads/seller_permits/user_102/business_permit_1764713559068_1.webp','active',NULL,NULL,0),(103,103,'Rencelyn','Araza','Lumina Couture','Delicate, flowing designs that capture the essence of feminine grace. Featuring Tencel™ and Peace Silk collections.','uploads/shop_logos/seller_103_1764722118630_Lumina_Couture.png','09653928822','Passport','4.60','0.00','2025-12-01 13:10:47','/static/uploads/seller_ids/user_103/id_1764722092502_2.png','/static/uploads/seller_permits/user_103/business_permit_1764722170156_1.webp','active',NULL,NULL,0),(104,104,'Charmaine','Asedillo','Modern Muse','Fashion-forward cuts for the bold leader. We utilize innovative eco-textiles like Piñatex and Cork Leather.','uploads/shop_logos/seller_104_1764720320741_Verde_Vouge.png','09505959826','Driver\'s License','4.48','0.00','2025-12-01 13:10:47','/static/uploads/seller_ids/user_104/id_1764720352921_1_Q32Bsr5zRsLqO7eQX-IK5g.webp','/static/uploads/seller_permits/user_104/business_permit_1764720352924_1_1.webp','active',NULL,NULL,0);

/*Table structure for table `user_reports` */

DROP TABLE IF EXISTS `user_reports`;

CREATE TABLE `user_reports` (
  `report_id` int(11) NOT NULL AUTO_INCREMENT,
  `reporter_id` int(11) NOT NULL,
  `reporter_type` enum('buyer','seller','rider') NOT NULL,
  `reported_user_id` int(11) NOT NULL,
  `reported_user_type` enum('buyer','seller','rider') NOT NULL,
  `report_category` enum('fraud','harassment','poor_service','fake_product','late_delivery','rude_behavior','other') NOT NULL,
  `report_reason` text NOT NULL,
  `order_id` int(11) DEFAULT NULL,
  `delivery_id` int(11) DEFAULT NULL,
  `evidence_image` varchar(255) DEFAULT NULL,
  `status` enum('pending','under_review','resolved','dismissed') DEFAULT 'pending',
  `admin_notes` text DEFAULT NULL,
  `admin_id` int(11) DEFAULT NULL,
  `created_at` timestamp NOT NULL DEFAULT current_timestamp(),
  `updated_at` timestamp NOT NULL DEFAULT current_timestamp() ON UPDATE current_timestamp(),
  `resolved_at` timestamp NULL DEFAULT NULL,
  PRIMARY KEY (`report_id`),
  KEY `order_id` (`order_id`),
  KEY `delivery_id` (`delivery_id`),
  KEY `idx_reporter_id` (`reporter_id`),
  KEY `idx_reported_user_id` (`reported_user_id`),
  KEY `idx_status` (`status`),
  KEY `idx_created_at` (`created_at`),
  KEY `idx_user_reports_reported_user` (`reported_user_id`,`reported_user_type`),
  CONSTRAINT `user_reports_ibfk_1` FOREIGN KEY (`reporter_id`) REFERENCES `users` (`user_id`) ON DELETE CASCADE,
  CONSTRAINT `user_reports_ibfk_2` FOREIGN KEY (`reported_user_id`) REFERENCES `users` (`user_id`) ON DELETE CASCADE,
  CONSTRAINT `user_reports_ibfk_3` FOREIGN KEY (`order_id`) REFERENCES `orders` (`order_id`) ON DELETE SET NULL,
  CONSTRAINT `user_reports_ibfk_4` FOREIGN KEY (`delivery_id`) REFERENCES `deliveries` (`delivery_id`) ON DELETE SET NULL
) ENGINE=InnoDB AUTO_INCREMENT=4 DEFAULT CHARSET=utf8mb4 COLLATE=utf8mb4_general_ci;

/*Data for the table `user_reports` */

insert  into `user_reports`(`report_id`,`reporter_id`,`reporter_type`,`reported_user_id`,`reported_user_type`,`report_category`,`report_reason`,`order_id`,`delivery_id`,`evidence_image`,`status`,`admin_notes`,`admin_id`,`created_at`,`updated_at`,`resolved_at`) values (3,20,'buyer',19,'seller','fraud','ALLLLLLL FAKEEEEEEEEEEEE!!!!',9,NULL,NULL,'dismissed','',1,'2025-11-30 20:26:58','2025-11-30 20:43:03','2025-11-30 20:43:03');

/*Table structure for table `users` */

DROP TABLE IF EXISTS `users`;

CREATE TABLE `users` (
  `user_id` int(11) NOT NULL AUTO_INCREMENT,
  `email` varchar(255) NOT NULL,
  `password` varchar(255) NOT NULL,
  `user_type` enum('buyer','seller','rider','admin') NOT NULL,
  `status` enum('active','pending','suspended','banned','rejected') DEFAULT 'pending',
  `reset_token` varchar(255) DEFAULT NULL,
  `reset_token_expiry` timestamp NULL DEFAULT NULL,
  `created_at` timestamp NOT NULL DEFAULT current_timestamp(),
  `last_login` timestamp NULL DEFAULT NULL,
  PRIMARY KEY (`user_id`),
  UNIQUE KEY `email` (`email`),
  KEY `idx_email` (`email`),
  KEY `idx_user_type` (`user_type`),
  KEY `idx_status` (`status`),
  KEY `idx_reset_token` (`reset_token`)
) ENGINE=InnoDB AUTO_INCREMENT=115 DEFAULT CHARSET=utf8mb4 COLLATE=utf8mb4_general_ci;

/*Data for the table `users` */

insert  into `users`(`user_id`,`email`,`password`,`user_type`,`status`,`reset_token`,`reset_token_expiry`,`created_at`,`last_login`) values (1,'admin@velare.com','admin123','admin','active',NULL,NULL,'2025-10-21 18:31:46','2025-12-01 16:05:07'),(19,'justinemarkgahi@gmail.com','Qwerty12','seller','active',NULL,NULL,'2025-10-29 18:04:39','2025-12-01 08:59:41'),(20,'jejemon@gmail.com','Qwerty12','buyer','active',NULL,NULL,'2025-10-29 20:21:33','2025-12-01 09:00:26'),(21,'rere@gmail.com','Qwerty12','rider','active',NULL,NULL,'2025-10-29 20:30:52','2025-11-30 12:46:52'),(100,'acovera44@gmail.com','Qwerty12','seller','active',NULL,NULL,'2025-12-01 13:10:28','2025-12-03 07:50:55'),(101,'almojela09@gmail.com','Qwerty12','seller','active',NULL,NULL,'2025-12-01 13:10:28','2025-12-01 13:27:30'),(102,'andayajamihyari@gmail.com','Qwerty12','seller','active',NULL,NULL,'2025-12-01 13:10:28','2025-12-03 07:50:11'),(103,'arazarencelyn@gmail.com','Qwerty12','seller','active',NULL,NULL,'2025-12-01 13:10:28','2025-12-03 08:30:16'),(104,'asedillocharmaine@gmail.com','Qwerty12','seller','active',NULL,NULL,'2025-12-01 13:10:28','2025-12-03 08:03:52'),(105,'maraldrei@gmail.com','Qwerty12','rider','active',NULL,NULL,'2025-12-01 13:10:28','2025-12-01 16:03:22'),(106,'ceaneazucena@gmail.com','Qwerty12','rider','active',NULL,NULL,'2025-12-01 13:10:28',NULL),(107,'blazasyron5@gmail.com','Qwerty12','rider','active',NULL,NULL,'2025-12-01 13:10:28',NULL),(108,'godffreybonza3@gmail.com','Qwerty12','rider','active',NULL,NULL,'2025-12-01 13:10:28',NULL),(109,'janelleclemeno9@gmail.com','Qwerty12','rider','active',NULL,NULL,'2025-12-01 13:10:28',NULL),(110,'conciolance@gmail.com','Qwerty12','buyer','active',NULL,NULL,'2025-12-01 13:10:28','2025-12-03 08:27:45'),(111,'arvinestoque12@gmail.com','Qwerty12','buyer','active',NULL,NULL,'2025-12-01 13:10:28',NULL),(112,'carleusebio490@gmail.com','Qwerty12','buyer','active',NULL,NULL,'2025-12-01 13:10:28',NULL),(113,'Galerochauncey@gmail.com','Qwerty12','buyer','active',NULL,NULL,'2025-12-01 13:10:28',NULL),(114,'jasminepotato777@gmail.com','Qwerty12','buyer','active',NULL,NULL,'2025-12-01 13:10:28',NULL);

/*Table structure for table `vouchers` */

DROP TABLE IF EXISTS `vouchers`;

CREATE TABLE `vouchers` (
  `voucher_id` int(11) NOT NULL AUTO_INCREMENT,
  `voucher_code` varchar(50) NOT NULL,
  `voucher_name` varchar(255) NOT NULL,
  `voucher_type` enum('free_shipping','discount') NOT NULL,
  `discount_percent` int(11) DEFAULT 0,
  `description` text DEFAULT NULL,
  `restriction` varchar(255) DEFAULT NULL,
  `is_active` tinyint(1) DEFAULT 1,
  `start_date` timestamp NULL DEFAULT current_timestamp(),
  `end_date` timestamp NULL DEFAULT NULL,
  `created_at` timestamp NOT NULL DEFAULT current_timestamp(),
  PRIMARY KEY (`voucher_id`),
  UNIQUE KEY `voucher_code` (`voucher_code`),
  KEY `idx_voucher_code` (`voucher_code`),
  KEY `idx_is_active` (`is_active`)
) ENGINE=InnoDB AUTO_INCREMENT=11 DEFAULT CHARSET=utf8mb4 COLLATE=utf8mb4_general_ci;

/*Data for the table `vouchers` */

insert  into `vouchers`(`voucher_id`,`voucher_code`,`voucher_name`,`voucher_type`,`discount_percent`,`description`,`restriction`,`is_active`,`start_date`,`end_date`,`created_at`) values (4,'SAVE30','30% Discount','discount',30,NULL,NULL,1,'2025-11-22 00:00:00','2025-11-30 00:00:00','2025-11-22 22:57:28'),(10,'FREESHIP','100% Free Shipping','free_shipping',100,NULL,NULL,1,'2025-11-23 00:00:00','2025-11-30 00:00:00','2025-11-23 00:26:30');

/* Trigger structure for table `product_reviews` */

DELIMITER $$

/*!50003 DROP TRIGGER*//*!50032 IF EXISTS */ /*!50003 `update_product_rating_after_review` */$$

/*!50003 CREATE */ /*!50017 DEFINER = 'root'@'localhost' */ /*!50003 TRIGGER `update_product_rating_after_review` AFTER INSERT ON `product_reviews` FOR EACH ROW BEGIN
    UPDATE products p
    SET 
        rating = (SELECT AVG(rating) FROM product_reviews WHERE product_id = NEW.product_id),
        total_reviews = (SELECT COUNT(*) FROM product_reviews WHERE product_id = NEW.product_id)
    WHERE product_id = NEW.product_id;
END */$$


DELIMITER ;

/* Trigger structure for table `product_reviews` */

DELIMITER $$

/*!50003 DROP TRIGGER*//*!50032 IF EXISTS */ /*!50003 `update_seller_rating_after_review` */$$

/*!50003 CREATE */ /*!50017 DEFINER = 'root'@'localhost' */ /*!50003 TRIGGER `update_seller_rating_after_review` AFTER INSERT ON `product_reviews` FOR EACH ROW BEGIN
    UPDATE sellers s
    SET rating = (
        SELECT AVG(pr.rating) 
        FROM product_reviews pr
        JOIN products p ON pr.product_id = p.product_id
        WHERE p.seller_id = (SELECT seller_id FROM products WHERE product_id = NEW.product_id)
    )
    WHERE seller_id = (SELECT seller_id FROM products WHERE product_id = NEW.product_id);
END */$$


DELIMITER ;

/*!40101 SET SQL_MODE=@OLD_SQL_MODE */;
/*!40014 SET FOREIGN_KEY_CHECKS=@OLD_FOREIGN_KEY_CHECKS */;
/*!40014 SET UNIQUE_CHECKS=@OLD_UNIQUE_CHECKS */;
/*!40111 SET SQL_NOTES=@OLD_SQL_NOTES */;
